County,City,Grade,N
ALAMEDA,ALAMEDA,7th grade,931
ALAMEDA,ALAMEDA,childcare,1231
ALAMEDA,ALAMEDA,kindergarten,986
ALAMEDA,ALBANY,7th grade,255
ALAMEDA,ALBANY,childcare,249
ALAMEDA,ALBANY,kindergarten,307
ALAMEDA,BERKELEY,7th grade,908
ALAMEDA,BERKELEY,childcare,2346
ALAMEDA,BERKELEY,kindergarten,860
ALAMEDA,CASTRO VALLEY,7th grade,776
ALAMEDA,CASTRO VALLEY,childcare,797
ALAMEDA,CASTRO VALLEY,kindergarten,864
ALAMEDA,DUBLIN,7th grade,939
ALAMEDA,DUBLIN,childcare,1275
ALAMEDA,DUBLIN,kindergarten,1150
ALAMEDA,EMERYVILLE,7th grade,50
ALAMEDA,EMERYVILLE,childcare,238
ALAMEDA,EMERYVILLE,kindergarten,70
ALAMEDA,FREMONT,7th grade,2855
ALAMEDA,FREMONT,childcare,4388
ALAMEDA,FREMONT,kindergarten,3743
ALAMEDA,HAYWARD,7th grade,1803
ALAMEDA,HAYWARD,childcare,1852
ALAMEDA,HAYWARD,kindergarten,2101
ALAMEDA,LIVERMORE,7th grade,1047
ALAMEDA,LIVERMORE,childcare,1439
ALAMEDA,LIVERMORE,kindergarten,1331
ALAMEDA,NEWARK,7th grade,514
ALAMEDA,NEWARK,childcare,1015
ALAMEDA,NEWARK,kindergarten,673
ALAMEDA,OAKLAND,7th grade,4118
ALAMEDA,OAKLAND,childcare,4446
ALAMEDA,OAKLAND,kindergarten,5354
ALAMEDA,PIEDMONT,7th grade,237
ALAMEDA,PIEDMONT,childcare,57
ALAMEDA,PIEDMONT,kindergarten,196
ALAMEDA,PLEASANTON,7th grade,1236
ALAMEDA,PLEASANTON,childcare,2088
ALAMEDA,PLEASANTON,kindergarten,1058
ALAMEDA,SAN LEANDRO,7th grade,1005
ALAMEDA,SAN LEANDRO,childcare,1083
ALAMEDA,SAN LEANDRO,kindergarten,1038
ALAMEDA,SAN LORENZO,7th grade,680
ALAMEDA,SAN LORENZO,childcare,342
ALAMEDA,SAN LORENZO,kindergarten,390
ALAMEDA,SUNOL,7th grade,30
ALAMEDA,SUNOL,childcare,25
ALAMEDA,SUNOL,kindergarten,34
ALAMEDA,UNION CITY,7th grade,938
ALAMEDA,UNION CITY,childcare,491
ALAMEDA,UNION CITY,kindergarten,862
AMADOR,IONE,kindergarten,87
AMADOR,JACKSON,7th grade,291
AMADOR,JACKSON,childcare,36
AMADOR,JACKSON,kindergarten,114
AMADOR,PIONEER,kindergarten,45
AMADOR,PLYMOUTH,7th grade,21
AMADOR,PLYMOUTH,childcare,34
AMADOR,PLYMOUTH,kindergarten,28
AMADOR,SUTTER CREEK,kindergarten,63
BUTTE,BIGGS,7th grade,34
BUTTE,BIGGS,kindergarten,55
BUTTE,CHICO,7th grade,959
BUTTE,CHICO,childcare,1429
BUTTE,CHICO,kindergarten,1178
BUTTE,DURHAM,7th grade,75
BUTTE,DURHAM,childcare,28
BUTTE,DURHAM,kindergarten,94
BUTTE,GRIDLEY,7th grade,189
BUTTE,GRIDLEY,childcare,137
BUTTE,GRIDLEY,kindergarten,214
BUTTE,MAGALIA,7th grade,62
BUTTE,MAGALIA,childcare,84
BUTTE,MAGALIA,kindergarten,88
BUTTE,OROVILLE,7th grade,437
BUTTE,OROVILLE,childcare,662
BUTTE,OROVILLE,kindergarten,720
BUTTE,PALERMO,7th grade,133
BUTTE,PALERMO,childcare,59
BUTTE,PARADISE,7th grade,224
BUTTE,PARADISE,childcare,251
BUTTE,PARADISE,kindergarten,266
CALAVERAS,ANGELS CAMP,7th grade,104
CALAVERAS,ANGELS CAMP,childcare,19
CALAVERAS,ANGELS CAMP,kindergarten,47
CALAVERAS,ARNOLD,kindergarten,38
CALAVERAS,AVERY,7th grade,62
CALAVERAS,COPPEROPOLIS,kindergarten,35
CALAVERAS,MURPHYS,kindergarten,36
CALAVERAS,SAN ANDREAS,7th grade,14
CALAVERAS,SAN ANDREAS,childcare,19
CALAVERAS,SAN ANDREAS,kindergarten,60
CALAVERAS,VALLEY SPRINGS,7th grade,218
CALAVERAS,VALLEY SPRINGS,kindergarten,166
COLUSA,ARBUCKLE,7th grade,111
COLUSA,ARBUCKLE,childcare,85
COLUSA,ARBUCKLE,kindergarten,111
COLUSA,COLUSA,7th grade,208
COLUSA,COLUSA,childcare,78
COLUSA,COLUSA,kindergarten,117
COLUSA,MAXWELL,7th grade,19
COLUSA,MAXWELL,kindergarten,24
COLUSA,WILLIAMS,7th grade,106
COLUSA,WILLIAMS,childcare,71
COLUSA,WILLIAMS,kindergarten,131
CONTRA COSTA,ALAMO,7th grade,188
CONTRA COSTA,ALAMO,childcare,335
CONTRA COSTA,ALAMO,kindergarten,128
CONTRA COSTA,ANTIOCH,7th grade,1129
CONTRA COSTA,ANTIOCH,childcare,701
CONTRA COSTA,ANTIOCH,kindergarten,1314
CONTRA COSTA,BAY POINT,7th grade,255
CONTRA COSTA,BAY POINT,childcare,257
CONTRA COSTA,BAY POINT,kindergarten,231
CONTRA COSTA,BRENTWOOD,7th grade,1075
CONTRA COSTA,BRENTWOOD,childcare,1042
CONTRA COSTA,BRENTWOOD,kindergarten,1049
CONTRA COSTA,BYRON,7th grade,217
CONTRA COSTA,BYRON,kindergarten,35
CONTRA COSTA,CLAYTON,7th grade,246
CONTRA COSTA,CLAYTON,childcare,148
CONTRA COSTA,CLAYTON,kindergarten,132
CONTRA COSTA,CONCORD,7th grade,924
CONTRA COSTA,CONCORD,childcare,1813
CONTRA COSTA,CONCORD,kindergarten,1524
CONTRA COSTA,CROCKETT,7th grade,110
CONTRA COSTA,DANVILLE,7th grade,1025
CONTRA COSTA,DANVILLE,childcare,1280
CONTRA COSTA,DANVILLE,kindergarten,853
CONTRA COSTA,DISCOVERY BAY,childcare,138
CONTRA COSTA,DISCOVERY BAY,kindergarten,133
CONTRA COSTA,EL CERRITO,7th grade,531
CONTRA COSTA,EL CERRITO,childcare,230
CONTRA COSTA,EL CERRITO,kindergarten,237
CONTRA COSTA,EL SOBRANTE,7th grade,246
CONTRA COSTA,EL SOBRANTE,childcare,132
CONTRA COSTA,EL SOBRANTE,kindergarten,166
CONTRA COSTA,HERCULES,7th grade,206
CONTRA COSTA,HERCULES,childcare,73
CONTRA COSTA,HERCULES,kindergarten,211
CONTRA COSTA,KENSINGTON,childcare,211
CONTRA COSTA,KENSINGTON,kindergarten,73
CONTRA COSTA,KNIGHTSEN,7th grade,76
CONTRA COSTA,KNIGHTSEN,kindergarten,49
CONTRA COSTA,LAFAYETTE,7th grade,407
CONTRA COSTA,LAFAYETTE,childcare,850
CONTRA COSTA,LAFAYETTE,kindergarten,422
CONTRA COSTA,MARTINEZ,7th grade,311
CONTRA COSTA,MARTINEZ,childcare,625
CONTRA COSTA,MARTINEZ,kindergarten,500
CONTRA COSTA,MORAGA,7th grade,208
CONTRA COSTA,MORAGA,childcare,485
CONTRA COSTA,MORAGA,kindergarten,165
CONTRA COSTA,OAKLEY,7th grade,648
CONTRA COSTA,OAKLEY,childcare,264
CONTRA COSTA,OAKLEY,kindergarten,721
CONTRA COSTA,ORINDA,7th grade,292
CONTRA COSTA,ORINDA,childcare,385
CONTRA COSTA,ORINDA,kindergarten,283
CONTRA COSTA,PINOLE,7th grade,326
CONTRA COSTA,PINOLE,childcare,94
CONTRA COSTA,PINOLE,kindergarten,191
CONTRA COSTA,PITTSBURG,7th grade,858
CONTRA COSTA,PITTSBURG,childcare,753
CONTRA COSTA,PITTSBURG,kindergarten,1063
CONTRA COSTA,PLEASANT HILL,7th grade,894
CONTRA COSTA,PLEASANT HILL,childcare,764
CONTRA COSTA,PLEASANT HILL,kindergarten,626
CONTRA COSTA,RICHMOND,7th grade,798
CONTRA COSTA,RICHMOND,childcare,1352
CONTRA COSTA,RICHMOND,kindergarten,1423
CONTRA COSTA,RODEO,7th grade,32
CONTRA COSTA,RODEO,childcare,122
CONTRA COSTA,RODEO,kindergarten,170
CONTRA COSTA,SAN PABLO,7th grade,474
CONTRA COSTA,SAN PABLO,childcare,344
CONTRA COSTA,SAN PABLO,kindergarten,437
CONTRA COSTA,SAN RAMON,7th grade,1600
CONTRA COSTA,SAN RAMON,childcare,1096
CONTRA COSTA,SAN RAMON,kindergarten,1294
CONTRA COSTA,WALNUT CREEK,7th grade,995
CONTRA COSTA,WALNUT CREEK,childcare,1725
CONTRA COSTA,WALNUT CREEK,kindergarten,952
CONTRA COSTA,WALNUT CREET,childcare,56
DEL NORTE,CRESCENT CITY,7th grade,261
DEL NORTE,CRESCENT CITY,childcare,221
DEL NORTE,CRESCENT CITY,kindergarten,287
DEL NORTE,SMITH RIVER,7th grade,21
DEL NORTE,SMITH RIVER,kindergarten,24
EL DORADO,CAMERON PARK,7th grade,257
EL DORADO,CAMERON PARK,childcare,127
EL DORADO,CAMERON PARK,kindergarten,96
EL DORADO,CAMINO,7th grade,32
EL DORADO,CAMINO,kindergarten,53
EL DORADO,COOL,childcare,20
EL DORADO,COOL,kindergarten,38
EL DORADO,DIAMOND SPRINGS,childcare,118
EL DORADO,EL DORADO HILLS,7th grade,640
EL DORADO,EL DORADO HILLS,childcare,674
EL DORADO,EL DORADO HILLS,kindergarten,639
EL DORADO,GARDEN VALLEY,7th grade,74
EL DORADO,GEORGETOWN,kindergarten,56
EL DORADO,PLACERVILLE,7th grade,434
EL DORADO,PLACERVILLE,childcare,304
EL DORADO,PLACERVILLE,kindergarten,438
EL DORADO,POLLOCK PINES,7th grade,93
EL DORADO,POLLOCK PINES,childcare,30
EL DORADO,POLLOCK PINES,kindergarten,69
EL DORADO,RESCUE,7th grade,159
EL DORADO,RESCUE,childcare,19
EL DORADO,RESCUE,kindergarten,172
EL DORADO,SHINGLE SPRINGS,7th grade,37
EL DORADO,SHINGLE SPRINGS,childcare,110
EL DORADO,SHINGLE SPRINGS,kindergarten,120
EL DORADO,SOMERSET,7th grade,29
EL DORADO,SOMERSET,kindergarten,24
EL DORADO,SOUTH LAKE TAHOE,7th grade,300
EL DORADO,SOUTH LAKE TAHOE,childcare,374
EL DORADO,SOUTH LAKE TAHOE,kindergarten,331
FRESNO,AUBERRY,childcare,19
FRESNO,CANTUA CREEK,childcare,19
FRESNO,CANTUA CREEK,kindergarten,19
FRESNO,CARUTHERS,7th grade,130
FRESNO,CARUTHERS,childcare,80
FRESNO,CARUTHERS,kindergarten,140
FRESNO,CLOVIS,7th grade,2233
FRESNO,CLOVIS,childcare,2348
FRESNO,CLOVIS,kindergarten,2042
FRESNO,COALINGA,7th grade,202
FRESNO,COALINGA,childcare,208
FRESNO,COALINGA,kindergarten,265
FRESNO,DEL REY,kindergarten,25
FRESNO,DUNLAP,7th grade,35
FRESNO,DUNLAP,kindergarten,48
FRESNO,FIREBAUGH,7th grade,139
FRESNO,FIREBAUGH,childcare,215
FRESNO,FIREBAUGH,kindergarten,151
FRESNO,FIVE POINTS,7th grade,19
FRESNO,FIVE POINTS,childcare,45
FRESNO,FIVE POINTS,kindergarten,22
FRESNO,FOWLER,7th grade,217
FRESNO,FOWLER,childcare,145
FRESNO,FOWLER,kindergarten,171
FRESNO,FRESNO,7th grade,8307
FRESNO,FRESNO,childcare,7928
FRESNO,FRESNO,kindergarten,10544
FRESNO,HURON,7th grade,120
FRESNO,HURON,childcare,87
FRESNO,HURON,kindergarten,155
FRESNO,KERMAN,7th grade,429
FRESNO,KERMAN,childcare,268
FRESNO,KERMAN,kindergarten,441
FRESNO,KINGSBURG,7th grade,262
FRESNO,KINGSBURG,childcare,228
FRESNO,KINGSBURG,kindergarten,295
FRESNO,LATON,7th grade,50
FRESNO,LATON,childcare,53
FRESNO,LATON,kindergarten,62
FRESNO,MENDOTA,7th grade,249
FRESNO,MENDOTA,childcare,177
FRESNO,MENDOTA,kindergarten,338
FRESNO,ORANGE COVE,7th grade,218
FRESNO,ORANGE COVE,childcare,214
FRESNO,ORANGE COVE,kindergarten,228
FRESNO,PARLIER,7th grade,350
FRESNO,PARLIER,childcare,232
FRESNO,PARLIER,kindergarten,333
FRESNO,PINEDALE,childcare,157
FRESNO,PINEDALE,kindergarten,185
FRESNO,PRATHER,kindergarten,91
FRESNO,RAISIN CITY,7th grade,30
FRESNO,RAISIN CITY,childcare,21
FRESNO,RAISIN CITY,kindergarten,45
FRESNO,REEDLEY,7th grade,527
FRESNO,REEDLEY,childcare,483
FRESNO,REEDLEY,kindergarten,578
FRESNO,RIVERDALE,7th grade,122
FRESNO,RIVERDALE,childcare,94
FRESNO,RIVERDALE,kindergarten,121
FRESNO,SAN JOAQUIN,7th grade,59
FRESNO,SAN JOAQUIN,childcare,90
FRESNO,SAN JOAQUIN,kindergarten,79
FRESNO,SANGER,7th grade,918
FRESNO,SANGER,childcare,446
FRESNO,SANGER,kindergarten,680
FRESNO,SELMA,7th grade,940
FRESNO,SELMA,childcare,524
FRESNO,SELMA,kindergarten,482
FRESNO,SIMI VALLEY,7th grade,43
FRESNO,SIMI VALLEY,kindergarten,34
FRESNO,TOLLHOUSE,7th grade,100
FRESNO,TOLLHOUSE,childcare,22
FRESNO,TRANQUILLITY,7th grade,33
GLENN,HAMILTON CITY,7th grade,35
GLENN,HAMILTON CITY,childcare,60
GLENN,HAMILTON CITY,kindergarten,51
GLENN,ORLAND,7th grade,228
GLENN,ORLAND,childcare,82
GLENN,ORLAND,kindergarten,249
GLENN,WILLOWS,7th grade,133
GLENN,WILLOWS,childcare,111
GLENN,WILLOWS,kindergarten,139
HUMBOLDT,ARCATA,7th grade,152
HUMBOLDT,ARCATA,childcare,345
HUMBOLDT,ARCATA,kindergarten,201
HUMBOLDT,BAYSIDE,7th grade,50
HUMBOLDT,BAYSIDE,kindergarten,58
HUMBOLDT,BLUE LAKE,childcare,19
HUMBOLDT,BLUE LAKE,kindergarten,20
HUMBOLDT,BRICELAND,childcare,18
HUMBOLDT,CARLOTTA,childcare,25
HUMBOLDT,CARLOTTA,kindergarten,20
HUMBOLDT,EUREKA,7th grade,487
HUMBOLDT,EUREKA,childcare,569
HUMBOLDT,EUREKA,kindergarten,504
HUMBOLDT,FERNDALE,7th grade,30
HUMBOLDT,FERNDALE,childcare,38
HUMBOLDT,FERNDALE,kindergarten,33
HUMBOLDT,FORTUNA,7th grade,135
HUMBOLDT,FORTUNA,childcare,143
HUMBOLDT,FORTUNA,kindergarten,169
HUMBOLDT,HOOPA,7th grade,51
HUMBOLDT,HOOPA,kindergarten,35
HUMBOLDT,HYDESVILLE,7th grade,19
HUMBOLDT,MCKINLEYVILLE,7th grade,118
HUMBOLDT,MCKINLEYVILLE,childcare,86
HUMBOLDT,MCKINLEYVILLE,kindergarten,156
HUMBOLDT,MIRANDA,7th grade,48
HUMBOLDT,PETROLIA,7th grade,31
HUMBOLDT,PETROLIA,kindergarten,64
HUMBOLDT,REDWAY,childcare,29
HUMBOLDT,REDWAY,kindergarten,41
HUMBOLDT,RIO DELL,7th grade,33
HUMBOLDT,RIO DELL,kindergarten,34
HUMBOLDT,TRINIDAD,7th grade,25
HUMBOLDT,TRINIDAD,kindergarten,31
HUMBOLDT,WILLOW CREEK,7th grade,23
HUMBOLDT,WILLOW CREEK,kindergarten,30
IMPERIAL,BRAWLEY,7th grade,466
IMPERIAL,BRAWLEY,childcare,462
IMPERIAL,BRAWLEY,kindergarten,436
IMPERIAL,CALEXICO,7th grade,811
IMPERIAL,CALEXICO,childcare,588
IMPERIAL,CALEXICO,kindergarten,700
IMPERIAL,CALIPATRIA,7th grade,93
IMPERIAL,CALIPATRIA,childcare,36
IMPERIAL,CALIPATRIA,kindergarten,78
IMPERIAL,EL CENTRO,7th grade,911
IMPERIAL,EL CENTRO,childcare,891
IMPERIAL,EL CENTRO,kindergarten,1013
IMPERIAL,HEBER,7th grade,145
IMPERIAL,HEBER,childcare,59
IMPERIAL,HEBER,kindergarten,314
IMPERIAL,HOLTVILLE,7th grade,301
IMPERIAL,HOLTVILLE,childcare,77
IMPERIAL,HOLTVILLE,kindergarten,115
IMPERIAL,IMPERIAL,7th grade,355
IMPERIAL,IMPERIAL,childcare,199
IMPERIAL,IMPERIAL,kindergarten,353
IMPERIAL,SALTON CITY,childcare,21
IMPERIAL,SEELEY,7th grade,29
IMPERIAL,SEELEY,childcare,29
IMPERIAL,SEELEY,kindergarten,42
IMPERIAL,WESTMORLAND,7th grade,40
IMPERIAL,WESTMORLAND,childcare,22
IMPERIAL,WESTMORLAND,kindergarten,39
IMPERIAL,WINTERHAVEN,7th grade,54
IMPERIAL,WINTERHAVEN,childcare,19
IMPERIAL,WINTERHAVEN,kindergarten,49
INYO,BISHOP,7th grade,140
INYO,BISHOP,childcare,97
INYO,BISHOP,kindergarten,149
INYO,LONE PINE,7th grade,20
INYO,LONE PINE,kindergarten,26
KERN,ARVIN,7th grade,441
KERN,ARVIN,childcare,287
KERN,ARVIN,kindergarten,479
KERN,BAKERSFIELD,7th grade,9560
KERN,BAKERSFIELD,childcare,5939
KERN,BAKERSFIELD,kindergarten,10535
KERN,BORON,7th grade,55
KERN,BORON,childcare,34
KERN,BORON,kindergarten,36
KERN,BUTTONWILLOW,7th grade,36
KERN,BUTTONWILLOW,childcare,22
KERN,BUTTONWILLOW,kindergarten,38
KERN,CALIFORNIA CITY,7th grade,150
KERN,CALIFORNIA CITY,childcare,69
KERN,CALIFORNIA CITY,kindergarten,160
KERN,DELANO,7th grade,933
KERN,DELANO,childcare,750
KERN,DELANO,kindergarten,918
KERN,EDWARDS,kindergarten,141
KERN,FRAZIER PARK,childcare,23
KERN,INYOKERN,kindergarten,29
KERN,KERNVILLE,kindergarten,19
KERN,LAKE ISABELLA,7th grade,90
KERN,LAKE ISABELLA,childcare,104
KERN,LAKE ISABELLA,kindergarten,93
KERN,LAMONT,childcare,257
KERN,LAMONT,kindergarten,393
KERN,LEBEC,7th grade,50
KERN,LEBEC,kindergarten,46
KERN,LOST HILLS,7th grade,54
KERN,LOST HILLS,childcare,38
KERN,LOST HILLS,kindergarten,89
KERN,MARICOPA,7th grade,90
KERN,MARICOPA,kindergarten,284
KERN,MCFARLAND,7th grade,293
KERN,MCFARLAND,childcare,121
KERN,MCFARLAND,kindergarten,292
KERN,MOJAVE,7th grade,65
KERN,MOJAVE,childcare,32
KERN,MOJAVE,kindergarten,60
KERN,RIDGECREST,7th grade,399
KERN,RIDGECREST,childcare,416
KERN,RIDGECREST,kindergarten,465
KERN,ROSAMOND,7th grade,265
KERN,ROSAMOND,childcare,224
KERN,ROSAMOND,kindergarten,380
KERN,SHAFTER,7th grade,385
KERN,SHAFTER,childcare,224
KERN,SHAFTER,kindergarten,492
KERN,SIMI VALLEY,7th grade,96
KERN,SIMI VALLEY,kindergarten,94
KERN,TAFT,7th grade,233
KERN,TAFT,childcare,190
KERN,TAFT,kindergarten,218
KERN,TEHACHAPI,7th grade,329
KERN,TEHACHAPI,childcare,200
KERN,TEHACHAPI,kindergarten,368
KERN,TUPMAN,7th grade,24
KERN,WASCO,7th grade,418
KERN,WASCO,childcare,218
KERN,WASCO,kindergarten,533
KERN,WELDON,7th grade,22
KERN,WELDON,childcare,20
KERN,WELDON,kindergarten,27
KINGS,ARMONA,7th grade,119
KINGS,ARMONA,childcare,92
KINGS,ARMONA,kindergarten,105
KINGS,AVENAL,7th grade,177
KINGS,AVENAL,childcare,196
KINGS,AVENAL,kindergarten,220
KINGS,CORCORAN,7th grade,246
KINGS,CORCORAN,childcare,186
KINGS,CORCORAN,kindergarten,305
KINGS,HANFORD,7th grade,1028
KINGS,HANFORD,childcare,852
KINGS,HANFORD,kindergarten,1109
KINGS,KETTLEMAN CITY,7th grade,25
KINGS,KETTLEMAN CITY,childcare,22
KINGS,KETTLEMAN CITY,kindergarten,39
KINGS,LEMOORE,7th grade,469
KINGS,LEMOORE,childcare,326
KINGS,LEMOORE,kindergarten,472
KINGS,LEMOORE STATION,7th grade,100
KINGS,LEMOORE STATION,childcare,45
KINGS,LEMOORE STATION,kindergarten,203
KINGS,SIMI VALLEY,7th grade,27
KINGS,STRATFORD,7th grade,30
KINGS,STRATFORD,kindergarten,38
LAKE,CLEARLAKE,7th grade,182
LAKE,CLEARLAKE,childcare,231
LAKE,CLEARLAKE,kindergarten,161
LAKE,CLEARLAKE OAKS,kindergarten,21
LAKE,KELSEYVILLE,7th grade,133
LAKE,KELSEYVILLE,childcare,69
LAKE,KELSEYVILLE,kindergarten,139
LAKE,LAKEPORT,7th grade,115
LAKE,LAKEPORT,childcare,68
LAKE,LAKEPORT,kindergarten,133
LAKE,LOWER LAKE,7th grade,61
LAKE,LOWER LAKE,childcare,43
LAKE,LOWER LAKE,kindergarten,100
LAKE,LUCERNE,7th grade,28
LAKE,LUCERNE,childcare,22
LAKE,LUCERNE,kindergarten,33
LAKE,MIDDLETOWN,7th grade,118
LAKE,MIDDLETOWN,childcare,91
LAKE,MIDDLETOWN,kindergarten,95
LAKE,UPPER LAKE,7th grade,58
LAKE,UPPER LAKE,childcare,19
LAKE,UPPER LAKE,kindergarten,56
LASSEN,JANESVILLE,7th grade,41
LASSEN,JANESVILLE,kindergarten,39
LASSEN,SUSANVILLE,7th grade,133
LASSEN,SUSANVILLE,childcare,88
LASSEN,SUSANVILLE,kindergarten,199
LOS ANGELES,ACTON,7th grade,507
LOS ANGELES,ACTON,kindergarten,510
LOS ANGELES,AGOURA HILLS,7th grade,320
LOS ANGELES,AGOURA HILLS,childcare,443
LOS ANGELES,AGOURA HILLS,kindergarten,318
LOS ANGELES,ALHAMBRA,7th grade,736
LOS ANGELES,ALHAMBRA,childcare,1190
LOS ANGELES,ALHAMBRA,kindergarten,961
LOS ANGELES,ALTADENA,7th grade,282
LOS ANGELES,ALTADENA,childcare,540
LOS ANGELES,ALTADENA,kindergarten,423
LOS ANGELES,ARCADIA,7th grade,935
LOS ANGELES,ARCADIA,childcare,987
LOS ANGELES,ARCADIA,kindergarten,766
LOS ANGELES,ARLETA,7th grade,99
LOS ANGELES,ARLETA,childcare,391
LOS ANGELES,ARLETA,kindergarten,500
LOS ANGELES,ARTESIA,7th grade,297
LOS ANGELES,ARTESIA,childcare,549
LOS ANGELES,ARTESIA,kindergarten,421
LOS ANGELES,AVALON,childcare,33
LOS ANGELES,AZUSA,7th grade,540
LOS ANGELES,AZUSA,childcare,681
LOS ANGELES,AZUSA,kindergarten,714
LOS ANGELES,BALDWIN PARK,7th grade,1039
LOS ANGELES,BALDWIN PARK,childcare,970
LOS ANGELES,BALDWIN PARK,kindergarten,1062
LOS ANGELES,BELL,7th grade,519
LOS ANGELES,BELL,childcare,86
LOS ANGELES,BELL,kindergarten,616
LOS ANGELES,BELL GARDENS,7th grade,666
LOS ANGELES,BELL GARDENS,childcare,527
LOS ANGELES,BELL GARDENS,kindergarten,646
LOS ANGELES,BELLFLOWER,7th grade,434
LOS ANGELES,BELLFLOWER,childcare,866
LOS ANGELES,BELLFLOWER,kindergarten,610
LOS ANGELES,BEVERLY HILLS,7th grade,310
LOS ANGELES,BEVERLY HILLS,childcare,433
LOS ANGELES,BEVERLY HILLS,kindergarten,307
LOS ANGELES,BRADBURY,7th grade,203
LOS ANGELES,BRADBURY,kindergarten,74
LOS ANGELES,BURBANK,7th grade,1203
LOS ANGELES,BURBANK,childcare,1405
LOS ANGELES,BURBANK,kindergarten,1162
LOS ANGELES,CALABASAS,7th grade,686
LOS ANGELES,CALABASAS,childcare,307
LOS ANGELES,CALABASAS,kindergarten,349
LOS ANGELES,CANOGA PARK,7th grade,628
LOS ANGELES,CANOGA PARK,childcare,941
LOS ANGELES,CANOGA PARK,kindergarten,1157
LOS ANGELES,CANYON COUNTRY,7th grade,525
LOS ANGELES,CANYON COUNTRY,childcare,410
LOS ANGELES,CANYON COUNTRY,kindergarten,766
LOS ANGELES,CARSON,7th grade,1245
LOS ANGELES,CARSON,childcare,489
LOS ANGELES,CARSON,kindergarten,1300
LOS ANGELES,CASTAIC,7th grade,311
LOS ANGELES,CASTAIC,childcare,60
LOS ANGELES,CASTAIC,kindergarten,305
LOS ANGELES,CERRITOS,7th grade,1194
LOS ANGELES,CERRITOS,childcare,530
LOS ANGELES,CERRITOS,kindergarten,798
LOS ANGELES,CHATSWORTH,7th grade,859
LOS ANGELES,CHATSWORTH,childcare,433
LOS ANGELES,CHATSWORTH,kindergarten,335
LOS ANGELES,CLAREMONT,7th grade,679
LOS ANGELES,CLAREMONT,childcare,944
LOS ANGELES,CLAREMONT,kindergarten,592
LOS ANGELES,COMMERCE,7th grade,105
LOS ANGELES,COMMERCE,childcare,103
LOS ANGELES,COMMERCE,kindergarten,171
LOS ANGELES,COMPTON,7th grade,1744
LOS ANGELES,COMPTON,childcare,1445
LOS ANGELES,COMPTON,kindergarten,1791
LOS ANGELES,COVINA,7th grade,1135
LOS ANGELES,COVINA,childcare,371
LOS ANGELES,COVINA,kindergarten,925
LOS ANGELES,CUDAHY,7th grade,324
LOS ANGELES,CUDAHY,childcare,505
LOS ANGELES,CUDAHY,kindergarten,578
LOS ANGELES,CULVER CITY,7th grade,587
LOS ANGELES,CULVER CITY,childcare,1145
LOS ANGELES,CULVER CITY,kindergarten,888
LOS ANGELES,DIAMOND BAR,7th grade,769
LOS ANGELES,DIAMOND BAR,childcare,874
LOS ANGELES,DIAMOND BAR,kindergarten,633
LOS ANGELES,DOWNEY,7th grade,1691
LOS ANGELES,DOWNEY,childcare,926
LOS ANGELES,DOWNEY,kindergarten,1378
LOS ANGELES,DUARTE,7th grade,137
LOS ANGELES,DUARTE,childcare,448
LOS ANGELES,DUARTE,kindergarten,214
LOS ANGELES,EAST RANCHO DOMINGUEZ,childcare,67
LOS ANGELES,EAST WHITTIER,childcare,38
LOS ANGELES,EL MONTE,7th grade,1436
LOS ANGELES,EL MONTE,childcare,1510
LOS ANGELES,EL MONTE,kindergarten,1753
LOS ANGELES,EL SEGUNDO,7th grade,265
LOS ANGELES,EL SEGUNDO,childcare,538
LOS ANGELES,EL SEGUNDO,kindergarten,251
LOS ANGELES,ENCINO,7th grade,186
LOS ANGELES,ENCINO,childcare,522
LOS ANGELES,ENCINO,kindergarten,557
LOS ANGELES,GARDENA,7th grade,622
LOS ANGELES,GARDENA,childcare,843
LOS ANGELES,GARDENA,kindergarten,1077
LOS ANGELES,GLENDALE,7th grade,1486
LOS ANGELES,GLENDALE,childcare,2221
LOS ANGELES,GLENDALE,kindergarten,1899
LOS ANGELES,GLENDORA,7th grade,656
LOS ANGELES,GLENDORA,childcare,918
LOS ANGELES,GLENDORA,kindergarten,769
LOS ANGELES,GRANADA HILLS,7th grade,1436
LOS ANGELES,GRANADA HILLS,childcare,658
LOS ANGELES,GRANADA HILLS,kindergarten,699
LOS ANGELES,HACIENDA HEIGHTS,7th grade,776
LOS ANGELES,HACIENDA HEIGHTS,childcare,763
LOS ANGELES,HACIENDA HEIGHTS,kindergarten,798
LOS ANGELES,HARBOR CITY,childcare,331
LOS ANGELES,HARBOR CITY,kindergarten,291
LOS ANGELES,HAWAIIAN GARDENS,7th grade,196
LOS ANGELES,HAWAIIAN GARDENS,childcare,160
LOS ANGELES,HAWAIIAN GARDENS,kindergarten,100
LOS ANGELES,HAWTHORNE,7th grade,1193
LOS ANGELES,HAWTHORNE,childcare,952
LOS ANGELES,HAWTHORNE,kindergarten,1182
LOS ANGELES,HERMOSA BEACH,7th grade,184
LOS ANGELES,HERMOSA BEACH,childcare,121
LOS ANGELES,HERMOSA BEACH,kindergarten,183
LOS ANGELES,HIGHLAND PARK,7th grade,61
LOS ANGELES,HOLLYWOOD,7th grade,301
LOS ANGELES,HOLLYWOOD,childcare,292
LOS ANGELES,HUNTINGTON PARK,7th grade,1591
LOS ANGELES,HUNTINGTON PARK,childcare,849
LOS ANGELES,HUNTINGTON PARK,kindergarten,1343
LOS ANGELES,INDUSTRY,7th grade,187
LOS ANGELES,INDUSTRY,childcare,88
LOS ANGELES,INGLEWOOD,7th grade,1135
LOS ANGELES,INGLEWOOD,childcare,1715
LOS ANGELES,INGLEWOOD,kindergarten,986
LOS ANGELES,LA CANADA FLINTRIDGE,7th grade,424
LOS ANGELES,LA CANADA FLINTRIDGE,childcare,926
LOS ANGELES,LA CANADA FLINTRIDGE,kindergarten,370
LOS ANGELES,LA CRESCENTA,7th grade,635
LOS ANGELES,LA CRESCENTA,childcare,522
LOS ANGELES,LA CRESCENTA,kindergarten,594
LOS ANGELES,LA CRESCENTA-MONTROSE,7th grade,21
LOS ANGELES,LA CRESCENTA-MONTROSE,childcare,243
LOS ANGELES,LA CRESCENTA-MONTROSE,kindergarten,19
LOS ANGELES,LA HABRA,kindergarten,189
LOS ANGELES,LA HABRA HEIGHTS,childcare,100
LOS ANGELES,LA MIRADA,7th grade,665
LOS ANGELES,LA MIRADA,childcare,332
LOS ANGELES,LA MIRADA,kindergarten,634
LOS ANGELES,LA PUENTE,7th grade,594
LOS ANGELES,LA PUENTE,childcare,1422
LOS ANGELES,LA PUENTE,kindergarten,1234
LOS ANGELES,LA VERNE,7th grade,19
LOS ANGELES,LA VERNE,childcare,204
LOS ANGELES,LA VERNE,kindergarten,362
LOS ANGELES,LAKE BALBOA,7th grade,524
LOS ANGELES,LAKE BALBOA,childcare,40
LOS ANGELES,LAKE BALBOA,kindergarten,541
LOS ANGELES,LAKE HUGHES,7th grade,21
LOS ANGELES,LAKE HUGHES,kindergarten,31
LOS ANGELES,LAKE VIEW TERRACE,7th grade,342
LOS ANGELES,LAKE VIEW TERRACE,childcare,7
LOS ANGELES,LAKE VIEW TERRACE,kindergarten,59
LOS ANGELES,LAKEWOOD,7th grade,830
LOS ANGELES,LAKEWOOD,childcare,550
LOS ANGELES,LAKEWOOD,kindergarten,1180
LOS ANGELES,LANCASTER,7th grade,2717
LOS ANGELES,LANCASTER,childcare,1933
LOS ANGELES,LANCASTER,kindergarten,2914
LOS ANGELES,LAWNDALE,7th grade,586
LOS ANGELES,LAWNDALE,childcare,496
LOS ANGELES,LAWNDALE,kindergarten,640
LOS ANGELES,LENNOX,7th grade,501
LOS ANGELES,LENNOX,childcare,670
LOS ANGELES,LENNOX,kindergarten,663
LOS ANGELES,LITTLEROCK,7th grade,141
LOS ANGELES,LITTLEROCK,childcare,78
LOS ANGELES,LITTLEROCK,kindergarten,87
LOS ANGELES,LOMITA,7th grade,462
LOS ANGELES,LOMITA,childcare,629
LOS ANGELES,LOMITA,kindergarten,208
LOS ANGELES,LONG BEACH,7th grade,5220
LOS ANGELES,LONG BEACH,childcare,6306
LOS ANGELES,LONG BEACH,kindergarten,5969
LOS ANGELES,LOS ANGELES,7th grade,23355
LOS ANGELES,LOS ANGELES,childcare,25124
LOS ANGELES,LOS ANGELES,kindergarten,31661
LOS ANGELES,LOS NIETOS,7th grade,181
LOS ANGELES,LYNWOOD,7th grade,1140
LOS ANGELES,LYNWOOD,childcare,925
LOS ANGELES,LYNWOOD,kindergarten,1109
LOS ANGELES,MALIBU,7th grade,101
LOS ANGELES,MALIBU,childcare,163
LOS ANGELES,MALIBU,kindergarten,96
LOS ANGELES,MANHATTAN BEACH,7th grade,528
LOS ANGELES,MANHATTAN BEACH,childcare,1659
LOS ANGELES,MANHATTAN BEACH,kindergarten,497
LOS ANGELES,MAR VISTA,childcare,59
LOS ANGELES,MARINA DEL REY,7th grade,87
LOS ANGELES,MARINA DEL REY,childcare,58
LOS ANGELES,MAYWOOD,7th grade,194
LOS ANGELES,MAYWOOD,childcare,369
LOS ANGELES,MAYWOOD,kindergarten,588
LOS ANGELES,MISSION HILLS,childcare,90
LOS ANGELES,MISSION HILLS,kindergarten,126
LOS ANGELES,MONROVIA,7th grade,397
LOS ANGELES,MONROVIA,childcare,537
LOS ANGELES,MONROVIA,kindergarten,389
LOS ANGELES,MONTEBELLO,7th grade,1067
LOS ANGELES,MONTEBELLO,childcare,421
LOS ANGELES,MONTEBELLO,kindergarten,768
LOS ANGELES,MONTEREY PARK,7th grade,757
LOS ANGELES,MONTEREY PARK,childcare,646
LOS ANGELES,MONTEREY PARK,kindergarten,652
LOS ANGELES,NEWHALL,7th grade,537
LOS ANGELES,NEWHALL,childcare,605
LOS ANGELES,NEWHALL,kindergarten,444
LOS ANGELES,NORTH HILLS,7th grade,576
LOS ANGELES,NORTH HILLS,childcare,272
LOS ANGELES,NORTH HILLS,kindergarten,1207
LOS ANGELES,NORTH HOLLYWOOD,7th grade,1976
LOS ANGELES,NORTH HOLLYWOOD,childcare,1682
LOS ANGELES,NORTH HOLLYWOOD,kindergarten,2172
LOS ANGELES,NORTHRIDGE,7th grade,1697
LOS ANGELES,NORTHRIDGE,childcare,1079
LOS ANGELES,NORTHRIDGE,kindergarten,1008
LOS ANGELES,NORWALK,7th grade,1087
LOS ANGELES,NORWALK,childcare,1138
LOS ANGELES,NORWALK,kindergarten,1325
LOS ANGELES,PACIFIC PALISADES,7th grade,90
LOS ANGELES,PACIFIC PALISADES,childcare,499
LOS ANGELES,PACIFIC PALISADES,kindergarten,311
LOS ANGELES,PACOIMA,7th grade,716
LOS ANGELES,PACOIMA,childcare,965
LOS ANGELES,PACOIMA,kindergarten,1224
LOS ANGELES,PALMDALE,7th grade,2797
LOS ANGELES,PALMDALE,childcare,1757
LOS ANGELES,PALMDALE,kindergarten,3519
LOS ANGELES,PALOS VERDES,childcare,19
LOS ANGELES,PALOS VERDES ESTATES,7th grade,295
LOS ANGELES,PALOS VERDES ESTATES,childcare,334
LOS ANGELES,PALOS VERDES ESTATES,kindergarten,159
LOS ANGELES,PALOS VERDES PENINSULA,7th grade,88
LOS ANGELES,PALOS VERDES PENINSULA,kindergarten,35
LOS ANGELES,PANORAM CITY,childcare,124
LOS ANGELES,PANORAMA CITY,7th grade,451
LOS ANGELES,PANORAMA CITY,childcare,244
LOS ANGELES,PANORAMA CITY,kindergarten,965
LOS ANGELES,PARAMOUNT,7th grade,1135
LOS ANGELES,PARAMOUNT,childcare,493
LOS ANGELES,PARAMOUNT,kindergarten,763
LOS ANGELES,PASADENA,7th grade,1577
LOS ANGELES,PASADENA,childcare,3193
LOS ANGELES,PASADENA,kindergarten,1559
LOS ANGELES,PEARBLOSSOM,7th grade,31
LOS ANGELES,PEARBLOSSOM,kindergarten,50
LOS ANGELES,PICO RIVERA,7th grade,720
LOS ANGELES,PICO RIVERA,childcare,754
LOS ANGELES,PICO RIVERA,kindergarten,750
LOS ANGELES,PLAYA DEL REY,childcare,42
LOS ANGELES,PLAYA DEL REY,kindergarten,37
LOS ANGELES,PLAYA VISTA,kindergarten,128
LOS ANGELES,POMONA,7th grade,1712
LOS ANGELES,POMONA,childcare,1524
LOS ANGELES,POMONA,kindergarten,1740
LOS ANGELES,PORTER RANCH,7th grade,118
LOS ANGELES,PORTER RANCH,childcare,133
LOS ANGELES,PORTER RANCH,kindergarten,267
LOS ANGELES,QUARTZ HILL,childcare,51
LOS ANGELES,QUARTZ HILL,kindergarten,129
LOS ANGELES,RANCHO DOMINGUEZ,7th grade,23
LOS ANGELES,RANCHO DOMINGUEZ,kindergarten,33
LOS ANGELES,RANCHO PALOS VERDES,7th grade,946
LOS ANGELES,RANCHO PALOS VERDES,childcare,630
LOS ANGELES,RANCHO PALOS VERDES,kindergarten,517
LOS ANGELES,REDLANDS,7th grade,100
LOS ANGELES,REDLANDS,kindergarten,69
LOS ANGELES,REDONDO BEACH,7th grade,834
LOS ANGELES,REDONDO BEACH,childcare,1226
LOS ANGELES,REDONDO BEACH,kindergarten,864
LOS ANGELES,RESEDA,7th grade,358
LOS ANGELES,RESEDA,childcare,691
LOS ANGELES,RESEDA,kindergarten,822
LOS ANGELES,ROLLING HILLS ESTATES,7th grade,46
LOS ANGELES,ROLLING HILLS ESTATES,childcare,471
LOS ANGELES,ROLLING HILLS ESTATES,kindergarten,214
LOS ANGELES,ROSEMEAD,7th grade,831
LOS ANGELES,ROSEMEAD,childcare,980
LOS ANGELES,ROSEMEAD,kindergarten,627
LOS ANGELES,ROWLAND HEIGHTS,7th grade,393
LOS ANGELES,ROWLAND HEIGHTS,childcare,488
LOS ANGELES,ROWLAND HEIGHTS,kindergarten,348
LOS ANGELES,SAN DIMAS,7th grade,762
LOS ANGELES,SAN DIMAS,childcare,458
LOS ANGELES,SAN DIMAS,kindergarten,393
LOS ANGELES,SAN FERNANDO,7th grade,868
LOS ANGELES,SAN FERNANDO,childcare,586
LOS ANGELES,SAN FERNANDO,kindergarten,956
LOS ANGELES,SAN GABRIEL,7th grade,502
LOS ANGELES,SAN GABRIEL,childcare,792
LOS ANGELES,SAN GABRIEL,kindergarten,602
LOS ANGELES,SAN MARCOS,kindergarten,13
LOS ANGELES,SAN MARINO,7th grade,259
LOS ANGELES,SAN MARINO,childcare,124
LOS ANGELES,SAN MARINO,kindergarten,211
LOS ANGELES,SAN PEDRO,7th grade,689
LOS ANGELES,SAN PEDRO,childcare,727
LOS ANGELES,SAN PEDRO,kindergarten,1057
LOS ANGELES,SANTA CATALINA,7th grade,36
LOS ANGELES,SANTA CATALINA,kindergarten,46
LOS ANGELES,SANTA CLARITA,7th grade,1339
LOS ANGELES,SANTA CLARITA,childcare,425
LOS ANGELES,SANTA CLARITA,kindergarten,406
LOS ANGELES,SANTA FE SPRINGS,7th grade,294
LOS ANGELES,SANTA FE SPRINGS,childcare,366
LOS ANGELES,SANTA FE SPRINGS,kindergarten,217
LOS ANGELES,SANTA MONICA,7th grade,903
LOS ANGELES,SANTA MONICA,childcare,2287
LOS ANGELES,SANTA MONICA,kindergarten,959
LOS ANGELES,SAUGUS,childcare,658
LOS ANGELES,SAUGUS,kindergarten,679
LOS ANGELES,SEPULVEDA,childcare,634
LOS ANGELES,SHERMAN OAKS,7th grade,875
LOS ANGELES,SHERMAN OAKS,childcare,911
LOS ANGELES,SHERMAN OAKS,kindergarten,705
LOS ANGELES,SIERRA MADRE,7th grade,213
LOS ANGELES,SIERRA MADRE,childcare,235
LOS ANGELES,SIERRA MADRE,kindergarten,127
LOS ANGELES,SIGNAL HILL,7th grade,242
LOS ANGELES,SIGNAL HILL,childcare,195
LOS ANGELES,SIGNAL HILL,kindergarten,208
LOS ANGELES,SIMI VALLEY,7th grade,250
LOS ANGELES,SIMI VALLEY,kindergarten,158
LOS ANGELES,SOUTH EL MONTE,7th grade,99
LOS ANGELES,SOUTH EL MONTE,childcare,146
LOS ANGELES,SOUTH EL MONTE,kindergarten,92
LOS ANGELES,SOUTH GATE,7th grade,1357
LOS ANGELES,SOUTH GATE,childcare,845
LOS ANGELES,SOUTH GATE,kindergarten,2092
LOS ANGELES,SOUTH PASADENA,7th grade,413
LOS ANGELES,SOUTH PASADENA,childcare,495
LOS ANGELES,SOUTH PASADENA,kindergarten,397
LOS ANGELES,SOUTH SAN GABRIEL,kindergarten,93
LOS ANGELES,SOUTH WHITTIER,childcare,138
LOS ANGELES,STEVENSON RANCH,7th grade,510
LOS ANGELES,STEVENSON RANCH,childcare,171
LOS ANGELES,STEVENSON RANCH,kindergarten,222
LOS ANGELES,STUDIO CITY,childcare,283
LOS ANGELES,STUDIO CITY,kindergarten,190
LOS ANGELES,SUN VALLEY,7th grade,1261
LOS ANGELES,SUN VALLEY,childcare,410
LOS ANGELES,SUN VALLEY,kindergarten,667
LOS ANGELES,SUNLAND,7th grade,248
LOS ANGELES,SUNLAND,childcare,88
LOS ANGELES,SUNLAND,kindergarten,149
LOS ANGELES,SYLMAR,7th grade,545
LOS ANGELES,SYLMAR,childcare,451
LOS ANGELES,SYLMAR,kindergarten,1050
LOS ANGELES,TARZANA,7th grade,623
LOS ANGELES,TARZANA,childcare,941
LOS ANGELES,TARZANA,kindergarten,321
LOS ANGELES,TEMPLE CITY,7th grade,481
LOS ANGELES,TEMPLE CITY,childcare,437
LOS ANGELES,TEMPLE CITY,kindergarten,314
LOS ANGELES,THOUSAND OAKS,7th grade,3
LOS ANGELES,THOUSAND OAKS,kindergarten,6
LOS ANGELES,TOPANGA,childcare,22
LOS ANGELES,TOPANGA,kindergarten,63
LOS ANGELES,TORRANCE,7th grade,1950
LOS ANGELES,TORRANCE,childcare,2630
LOS ANGELES,TORRANCE,kindergarten,2286
LOS ANGELES,TUJUNGA,7th grade,19
LOS ANGELES,TUJUNGA,childcare,276
LOS ANGELES,TUJUNGA,kindergarten,151
LOS ANGELES,VALENCIA,7th grade,674
LOS ANGELES,VALENCIA,childcare,937
LOS ANGELES,VALENCIA,kindergarten,878
LOS ANGELES,VALINDA,7th grade,170
LOS ANGELES,VALINDA,childcare,71
LOS ANGELES,VALINDA,kindergarten,172
LOS ANGELES,VALLEY GLEN,childcare,118
LOS ANGELES,VALLEY VILLAGE,childcare,236
LOS ANGELES,VALLEY VILLAGE,kindergarten,44
LOS ANGELES,VAN NUYS,7th grade,729
LOS ANGELES,VAN NUYS,childcare,1505
LOS ANGELES,VAN NUYS,kindergarten,1759
LOS ANGELES,VENICE,childcare,459
LOS ANGELES,VENICE,kindergarten,342
LOS ANGELES,WALNUT,7th grade,910
LOS ANGELES,WALNUT,childcare,977
LOS ANGELES,WALNUT,kindergarten,529
LOS ANGELES,WALNUT PARK,7th grade,370
LOS ANGELES,WALNUT PARK,childcare,56
LOS ANGELES,WALNUT PARK,kindergarten,75
LOS ANGELES,WALNUT VALLEY,kindergarten,107
LOS ANGELES,WEST COVINA,7th grade,1543
LOS ANGELES,WEST COVINA,childcare,895
LOS ANGELES,WEST COVINA,kindergarten,1562
LOS ANGELES,WEST HILLS,7th grade,52
LOS ANGELES,WEST HILLS,childcare,421
LOS ANGELES,WEST HILLS,kindergarten,726
LOS ANGELES,WEST HOLLYWOOD,childcare,109
LOS ANGELES,WEST HOLLYWOOD,kindergarten,152
LOS ANGELES,WESTCHESTER,childcare,130
LOS ANGELES,WESTLAKE VILLAGE,7th grade,129
LOS ANGELES,WESTLAKE VILLAGE,childcare,180
LOS ANGELES,WESTLAKE VILLAGE,kindergarten,86
LOS ANGELES,WHITTIER,7th grade,2512
LOS ANGELES,WHITTIER,childcare,2058
LOS ANGELES,WHITTIER,kindergarten,2326
LOS ANGELES,WILMINGTON,7th grade,596
LOS ANGELES,WILMINGTON,childcare,624
LOS ANGELES,WILMINGTON,kindergarten,958
LOS ANGELES,WINNETKA,7th grade,219
LOS ANGELES,WINNETKA,childcare,218
LOS ANGELES,WINNETKA,kindergarten,242
LOS ANGELES,WOODLAND HILLS,7th grade,1060
LOS ANGELES,WOODLAND HILLS,childcare,1746
LOS ANGELES,WOODLAND HILLS,kindergarten,933
MADERA,AHWAHNEE,7th grade,28
MADERA,AHWAHNEE,kindergarten,31
MADERA,CHOWCHILLA,7th grade,259
MADERA,CHOWCHILLA,childcare,103
MADERA,CHOWCHILLA,kindergarten,315
MADERA,COARSEGOLD,7th grade,113
MADERA,COARSEGOLD,kindergarten,90
MADERA,MADERA,7th grade,1780
MADERA,MADERA,childcare,977
MADERA,MADERA,kindergarten,2046
MADERA,NORTH FORK,7th grade,19
MADERA,NORTH FORK,kindergarten,20
MADERA,O'NEALS,7th grade,26
MADERA,O'NEALS,kindergarten,32
MADERA,OAKHURST,7th grade,77
MADERA,OAKHURST,childcare,66
MADERA,OAKHURST,kindergarten,64
MARIN,BELVEDERE,childcare,55
MARIN,BOLINAS,kindergarten,19
MARIN,CORTE MADERA,7th grade,104
MARIN,CORTE MADERA,childcare,465
MARIN,CORTE MADERA,kindergarten,242
MARIN,FAIRFAX,7th grade,255
MARIN,FAIRFAX,childcare,102
MARIN,FAIRFAX,kindergarten,58
MARIN,KENTFIELD,7th grade,155
MARIN,KENTFIELD,childcare,115
MARIN,KENTFIELD,kindergarten,152
MARIN,LARKSPUR,7th grade,244
MARIN,LARKSPUR,childcare,143
MARIN,LARKSPUR,kindergarten,51
MARIN,MARIN CITY,childcare,24
MARIN,MILL VALLEY,7th grade,370
MARIN,MILL VALLEY,childcare,609
MARIN,MILL VALLEY,kindergarten,368
MARIN,NOVATO,7th grade,573
MARIN,NOVATO,childcare,878
MARIN,NOVATO,kindergarten,658
MARIN,POINT REYES STATION,7th grade,24
MARIN,POINT REYES STATION,childcare,25
MARIN,ROSS,7th grade,44
MARIN,ROSS,childcare,62
MARIN,ROSS,kindergarten,28
MARIN,SAN ANSELMO,7th grade,100
MARIN,SAN ANSELMO,childcare,318
MARIN,SAN ANSELMO,kindergarten,219
MARIN,SAN GERONIMO,7th grade,27
MARIN,SAN GERONIMO,childcare,20
MARIN,SAN RAFAEL,7th grade,805
MARIN,SAN RAFAEL,childcare,1343
MARIN,SAN RAFAEL,kindergarten,918
MARIN,SAUSALITO,7th grade,39
MARIN,SAUSALITO,childcare,115
MARIN,SAUSALITO,kindergarten,93
MARIN,TIBURON,7th grade,199
MARIN,TIBURON,childcare,249
MARIN,TIBURON,kindergarten,114
MARIN,TOMALES,7th grade,18
MARIPOSA,CATHEYS VALLEY,kindergarten,18
MARIPOSA,LA GRANGE,7th grade,20
MARIPOSA,MARIPOSA,7th grade,83
MARIPOSA,MARIPOSA,kindergarten,76
MENDOCINO,BOONVILLE,7th grade,46
MENDOCINO,BOONVILLE,childcare,19
MENDOCINO,BOONVILLE,kindergarten,37
MENDOCINO,CALPELLA,kindergarten,14
MENDOCINO,COVELO,7th grade,34
MENDOCINO,COVELO,childcare,31
MENDOCINO,COVELO,kindergarten,39
MENDOCINO,FORT BRAGG,7th grade,142
MENDOCINO,FORT BRAGG,childcare,56
MENDOCINO,FORT BRAGG,kindergarten,100
MENDOCINO,LAYTONVILLE,7th grade,37
MENDOCINO,LAYTONVILLE,childcare,33
MENDOCINO,LAYTONVILLE,kindergarten,31
MENDOCINO,MENDOCINO,7th grade,39
MENDOCINO,MENDOCINO,childcare,25
MENDOCINO,MENDOCINO,kindergarten,25
MENDOCINO,POINT ARENA,7th grade,25
MENDOCINO,POINT ARENA,childcare,33
MENDOCINO,POINT ARENA,kindergarten,23
MENDOCINO,POTTER VALLEY,childcare,38
MENDOCINO,POTTER VALLEY,kindergarten,20
MENDOCINO,REDWOOD VALLEY,7th grade,147
MENDOCINO,UKIAH,7th grade,323
MENDOCINO,UKIAH,childcare,450
MENDOCINO,UKIAH,kindergarten,656
MENDOCINO,WILLITS,7th grade,130
MENDOCINO,WILLITS,childcare,137
MENDOCINO,WILLITS,kindergarten,154
MERCED,ATWATER,7th grade,585
MERCED,ATWATER,childcare,443
MERCED,ATWATER,kindergarten,674
MERCED,BALLICO,7th grade,38
MERCED,CRESSEY,kindergarten,30
MERCED,DELHI,7th grade,192
MERCED,DELHI,childcare,74
MERCED,DELHI,kindergarten,198
MERCED,DOS PALOS,7th grade,177
MERCED,DOS PALOS,childcare,148
MERCED,DOS PALOS,kindergarten,227
MERCED,GUSTINE,7th grade,154
MERCED,GUSTINE,childcare,61
MERCED,GUSTINE,kindergarten,86
MERCED,HILMAR,7th grade,185
MERCED,HILMAR,childcare,128
MERCED,HILMAR,kindergarten,258
MERCED,LE GRAND,7th grade,34
MERCED,LE GRAND,kindergarten,52
MERCED,LIVINGSTON,7th grade,264
MERCED,LIVINGSTON,childcare,248
MERCED,LIVINGSTON,kindergarten,322
MERCED,LOS BANOS,7th grade,839
MERCED,LOS BANOS,childcare,511
MERCED,LOS BANOS,kindergarten,887
MERCED,MERCED,7th grade,2131
MERCED,MERCED,childcare,1523
MERCED,MERCED,kindergarten,1972
MERCED,PLANADA,7th grade,78
MERCED,PLANADA,childcare,126
MERCED,PLANADA,kindergarten,108
MERCED,SANTA NELLA,kindergarten,32
MERCED,STEVINSON,kindergarten,23
MERCED,WINTON,7th grade,210
MERCED,WINTON,childcare,135
MERCED,WINTON,kindergarten,283
MODOC,ALTURAS,7th grade,49
MODOC,ALTURAS,childcare,19
MODOC,ALTURAS,kindergarten,62
MODOC,TULELAKE,7th grade,36
MODOC,TULELAKE,childcare,40
MODOC,TULELAKE,kindergarten,36
MONO,COLEVILLE,kindergarten,21
MONO,MAMMOTH LAKES,7th grade,93
MONO,MAMMOTH LAKES,childcare,61
MONO,MAMMOTH LAKES,kindergarten,100
MONTEREY,CARMEL VALLEY,7th grade,234
MONTEREY,CARMEL VALLEY,childcare,196
MONTEREY,CARMEL VALLEY,kindergarten,163
MONTEREY,CASTROVILLE,7th grade,336
MONTEREY,CASTROVILLE,childcare,174
MONTEREY,CASTROVILLE,kindergarten,220
MONTEREY,CHUALAR,7th grade,38
MONTEREY,CHUALAR,childcare,49
MONTEREY,CHUALAR,kindergarten,38
MONTEREY,DEL REY OAKS,childcare,19
MONTEREY,GONZALES,7th grade,180
MONTEREY,GONZALES,childcare,67
MONTEREY,GONZALES,kindergarten,157
MONTEREY,GREENFIELD,7th grade,389
MONTEREY,GREENFIELD,childcare,162
MONTEREY,GREENFIELD,kindergarten,450
MONTEREY,KING CITY,7th grade,275
MONTEREY,KING CITY,childcare,282
MONTEREY,KING CITY,kindergarten,338
MONTEREY,LOCKWOOD,7th grade,22
MONTEREY,MARINA,7th grade,187
MONTEREY,MARINA,childcare,186
MONTEREY,MARINA,kindergarten,193
MONTEREY,MONTEREY,7th grade,316
MONTEREY,MONTEREY,childcare,502
MONTEREY,MONTEREY,kindergarten,378
MONTEREY,PACIFIC GROVE,7th grade,175
MONTEREY,PACIFIC GROVE,childcare,72
MONTEREY,PACIFIC GROVE,kindergarten,217
MONTEREY,PRUNEDALE,childcare,21
MONTEREY,ROYAL OAKS,childcare,19
MONTEREY,SALINAS,7th grade,3201
MONTEREY,SALINAS,childcare,2345
MONTEREY,SALINAS,kindergarten,3492
MONTEREY,SEASIDE,7th grade,320
MONTEREY,SEASIDE,childcare,454
MONTEREY,SEASIDE,kindergarten,549
MONTEREY,SOLEDAD,7th grade,394
MONTEREY,SOLEDAD,childcare,178
MONTEREY,SOLEDAD,kindergarten,435
MONTEREY,SPRECKELS,childcare,19
MONTEREY,SPRECKELS,kindergarten,126
NAPA,AMERICAN CANYON,7th grade,351
NAPA,AMERICAN CANYON,childcare,141
NAPA,AMERICAN CANYON,kindergarten,315
NAPA,CALISTOGA,7th grade,79
NAPA,CALISTOGA,childcare,41
NAPA,CALISTOGA,kindergarten,77
NAPA,NAPA,7th grade,1112
NAPA,NAPA,childcare,1297
NAPA,NAPA,kindergarten,1056
NAPA,RUTHERFORD,childcare,57
NAPA,ST. HELENA,7th grade,102
NAPA,ST. HELENA,childcare,109
NAPA,ST. HELENA,kindergarten,108
NAPA,YOUNTVILLE,kindergarten,19
NEVADA,AUBURN,7th grade,31
NEVADA,GRASS VALLEY,7th grade,358
NEVADA,GRASS VALLEY,childcare,424
NEVADA,GRASS VALLEY,kindergarten,444
NEVADA,NEVADA CITY,7th grade,181
NEVADA,NEVADA CITY,childcare,171
NEVADA,NEVADA CITY,kindergarten,171
NEVADA,PENN VALLEY,7th grade,54
NEVADA,PENN VALLEY,kindergarten,60
NEVADA,TRUCKEE,childcare,279
ORANGE,ALISO VIEJO,7th grade,936
ORANGE,ALISO VIEJO,childcare,525
ORANGE,ALISO VIEJO,kindergarten,537
ORANGE,ANAHEIM,7th grade,4020
ORANGE,ANAHEIM,childcare,3612
ORANGE,ANAHEIM,kindergarten,4971
ORANGE,ANAHEIM HILLS,7th grade,33
ORANGE,ANAHEIM HILLS,childcare,342
ORANGE,ANAHEIM HILLS,kindergarten,89
ORANGE,ANANHEIM,childcare,60
ORANGE,BREA,7th grade,494
ORANGE,BREA,childcare,494
ORANGE,BREA,kindergarten,666
ORANGE,BUENA PARK,7th grade,572
ORANGE,BUENA PARK,childcare,806
ORANGE,BUENA PARK,kindergarten,1115
ORANGE,CAPISTRANO BEACH,childcare,223
ORANGE,CAPISTRANO BEACH,kindergarten,81
ORANGE,CORONA DEL MAR,7th grade,45
ORANGE,CORONA DEL MAR,childcare,147
ORANGE,CORONA DEL MAR,kindergarten,157
ORANGE,COSTA MESA,7th grade,933
ORANGE,COSTA MESA,childcare,1693
ORANGE,COSTA MESA,kindergarten,1298
ORANGE,"COSTA MESA,",childcare,117
ORANGE,COTO DE CAZA,kindergarten,51
ORANGE,CYPRESS,7th grade,1001
ORANGE,CYPRESS,childcare,847
ORANGE,CYPRESS,kindergarten,616
ORANGE,DANA POINT,7th grade,89
ORANGE,DANA POINT,childcare,260
ORANGE,DANA POINT,kindergarten,124
ORANGE,FOOTHILL RANCH,childcare,210
ORANGE,FOOTHILL RANCH,kindergarten,172
ORANGE,FOUNTAIN VALLEY,7th grade,807
ORANGE,FOUNTAIN VALLEY,childcare,1001
ORANGE,FOUNTAIN VALLEY,kindergarten,677
ORANGE,FULLERTON,7th grade,1533
ORANGE,FULLERTON,childcare,2200
ORANGE,FULLERTON,kindergarten,1555
ORANGE,GARDEN GROVE,7th grade,2719
ORANGE,GARDEN GROVE,childcare,2094
ORANGE,GARDEN GROVE,kindergarten,2877
ORANGE,HUNTINGTON BEACH,7th grade,2484
ORANGE,HUNTINGTON BEACH,childcare,2709
ORANGE,HUNTINGTON BEACH,kindergarten,2129
ORANGE,IRVINE,7th grade,2987
ORANGE,IRVINE,childcare,5012
ORANGE,IRVINE,kindergarten,3176
ORANGE,LA HABRA,7th grade,553
ORANGE,LA HABRA,childcare,582
ORANGE,LA HABRA,kindergarten,653
ORANGE,LA PALMA,7th grade,497
ORANGE,LA PALMA,childcare,258
ORANGE,LA PALMA,kindergarten,205
ORANGE,LADERA RANCH,7th grade,370
ORANGE,LADERA RANCH,childcare,594
ORANGE,LADERA RANCH,kindergarten,388
ORANGE,LAGUNA BEACH,7th grade,277
ORANGE,LAGUNA BEACH,childcare,407
ORANGE,LAGUNA BEACH,kindergarten,186
ORANGE,LAGUNA HILLS,childcare,234
ORANGE,LAGUNA HILLS,kindergarten,232
ORANGE,LAGUNA NIGUEL,7th grade,531
ORANGE,LAGUNA NIGUEL,childcare,1008
ORANGE,LAGUNA NIGUEL,kindergarten,715
ORANGE,LAGUNA WOODS,childcare,64
ORANGE,LAKE FOREST,7th grade,649
ORANGE,LAKE FOREST,childcare,1080
ORANGE,LAKE FOREST,kindergarten,805
ORANGE,LOS ALAMITOS,7th grade,829
ORANGE,LOS ALAMITOS,childcare,492
ORANGE,LOS ALAMITOS,kindergarten,630
ORANGE,LOS FLORES,7th grade,330
ORANGE,MIDWAY CITY,childcare,80
ORANGE,MIDWAY CITY,kindergarten,338
ORANGE,MISSION VIEJO,7th grade,1399
ORANGE,MISSION VIEJO,childcare,1759
ORANGE,MISSION VIEJO,kindergarten,1079
ORANGE,NEWPORT BEACH,7th grade,1021
ORANGE,NEWPORT BEACH,childcare,1096
ORANGE,NEWPORT BEACH,kindergarten,486
ORANGE,NORTH TUSTIN,7th grade,20
ORANGE,NORTH TUSTIN,kindergarten,59
ORANGE,ORANGE,7th grade,1343
ORANGE,ORANGE,childcare,1955
ORANGE,ORANGE,kindergarten,1464
ORANGE,PLACENTIA,7th grade,1092
ORANGE,PLACENTIA,childcare,537
ORANGE,PLACENTIA,kindergarten,891
ORANGE,RANCHO SANTA MARGARITA,7th grade,963
ORANGE,RANCHO SANTA MARGARITA,childcare,903
ORANGE,RANCHO SANTA MARGARITA,kindergarten,791
ORANGE,ROSSMOOR,childcare,28
ORANGE,SAN CLEMENTE,7th grade,850
ORANGE,SAN CLEMENTE,childcare,853
ORANGE,SAN CLEMENTE,kindergarten,637
ORANGE,SAN JUAN CAPISTRANO,7th grade,940
ORANGE,SAN JUAN CAPISTRANO,childcare,773
ORANGE,SAN JUAN CAPISTRANO,kindergarten,590
ORANGE,SANTA ANA,7th grade,5239
ORANGE,SANTA ANA,childcare,4972
ORANGE,SANTA ANA,kindergarten,5578
ORANGE,SEAL BEACH,childcare,134
ORANGE,SEAL BEACH,kindergarten,159
ORANGE,SILVERADO,childcare,79
ORANGE,STANTON,childcare,352
ORANGE,STANTON,kindergarten,144
ORANGE,SUNSET BEACH,childcare,49
ORANGE,TRABUCO CANYON,kindergarten,133
ORANGE,TUSTIN,7th grade,1282
ORANGE,TUSTIN,childcare,1494
ORANGE,TUSTIN,kindergarten,1082
ORANGE,VILLA PARK,7th grade,485
ORANGE,VILLA PARK,kindergarten,158
ORANGE,WESTMINISTER,childcare,148
ORANGE,WESTMINSTER,7th grade,1096
ORANGE,WESTMINSTER,childcare,986
ORANGE,WESTMINSTER,kindergarten,826
ORANGE,YORBA LINDA,7th grade,1020
ORANGE,YORBA LINDA,childcare,1557
ORANGE,YORBA LINDA,kindergarten,1142
PLACER,ANTELOPE,7th grade,383
PLACER,ANTELOPE,kindergarten,318
PLACER,AUBURN,7th grade,325
PLACER,AUBURN,childcare,328
PLACER,AUBURN,kindergarten,280
PLACER,COLFAX,7th grade,55
PLACER,COLFAX,kindergarten,61
PLACER,FORESTHILL,7th grade,33
PLACER,FORESTHILL,kindergarten,40
PLACER,GRANITE BAY,7th grade,189
PLACER,GRANITE BAY,childcare,238
PLACER,GRANITE BAY,kindergarten,226
PLACER,KINGS BEACH,childcare,49
PLACER,KINGS BEACH,kindergarten,104
PLACER,LINCOLN,7th grade,599
PLACER,LINCOLN,childcare,350
PLACER,LINCOLN,kindergarten,639
PLACER,LOOMIS,7th grade,289
PLACER,LOOMIS,childcare,214
PLACER,LOOMIS,kindergarten,261
PLACER,MEADOW VISTA,childcare,53
PLACER,MEADOW VISTA,kindergarten,79
PLACER,NEWCASTLE,7th grade,88
PLACER,NEWCASTLE,kindergarten,123
PLACER,OLYMPIC VALLEY,kindergarten,24
PLACER,PENRYN,7th grade,27
PLACER,PENRYN,kindergarten,23
PLACER,ROCKLIN,7th grade,1208
PLACER,ROCKLIN,childcare,998
PLACER,ROCKLIN,kindergarten,1041
PLACER,ROSEVILLE,7th grade,2047
PLACER,ROSEVILLE,childcare,1761
PLACER,ROSEVILLE,kindergarten,2281
PLACER,TAHOE CITY,7th grade,98
PLACER,TAHOE CITY,childcare,87
PLACER,TAHOE CITY,kindergarten,42
PLACER,TRUCKEE,7th grade,201
PLACER,TRUCKEE,kindergarten,209
PLACER,WEIMAR,7th grade,84
PLUMAS,CHESTER,7th grade,32
PLUMAS,CHESTER,kindergarten,37
PLUMAS,PORTOLA,7th grade,46
PLUMAS,PORTOLA,childcare,79
PLUMAS,PORTOLA,kindergarten,48
PLUMAS,QUINCY,7th grade,100
PLUMAS,QUINCY,kindergarten,69
RIVERSIDE,AGUANGA,7th grade,25
RIVERSIDE,AGUANGA,kindergarten,22
RIVERSIDE,ANZA,7th grade,41
RIVERSIDE,ANZA,kindergarten,43
RIVERSIDE,BANNING,7th grade,259
RIVERSIDE,BANNING,childcare,283
RIVERSIDE,BANNING,kindergarten,449
RIVERSIDE,BEAUMONT,7th grade,821
RIVERSIDE,BEAUMONT,childcare,223
RIVERSIDE,BEAUMONT,kindergarten,872
RIVERSIDE,BERMUDA DUNES,7th grade,37
RIVERSIDE,BERMUDA DUNES,childcare,234
RIVERSIDE,BERMUDA DUNES,kindergarten,159
RIVERSIDE,BLYTHE,7th grade,231
RIVERSIDE,BLYTHE,childcare,226
RIVERSIDE,BLYTHE,kindergarten,241
RIVERSIDE,CABAZON,childcare,57
RIVERSIDE,CABAZON,kindergarten,43
RIVERSIDE,CALIMESA,childcare,130
RIVERSIDE,CANYON LAKE,childcare,74
RIVERSIDE,CATHEDRAL CITY,7th grade,766
RIVERSIDE,CATHEDRAL CITY,childcare,243
RIVERSIDE,CATHEDRAL CITY,kindergarten,569
RIVERSIDE,CHERRY VALLEY,childcare,100
RIVERSIDE,COACHELLA,7th grade,850
RIVERSIDE,COACHELLA,childcare,155
RIVERSIDE,COACHELLA,kindergarten,772
RIVERSIDE,CORONA,7th grade,2749
RIVERSIDE,CORONA,childcare,1839
RIVERSIDE,CORONA,kindergarten,2797
RIVERSIDE,DESERT HOT SPRINGS,7th grade,575
RIVERSIDE,DESERT HOT SPRINGS,childcare,291
RIVERSIDE,DESERT HOT SPRINGS,kindergarten,537
RIVERSIDE,EASTVALE,7th grade,1229
RIVERSIDE,EASTVALE,childcare,281
RIVERSIDE,EASTVALE,kindergarten,775
RIVERSIDE,HEMET,7th grade,1533
RIVERSIDE,HEMET,childcare,1031
RIVERSIDE,HEMET,kindergarten,1519
RIVERSIDE,IDYLLWILD,7th grade,40
RIVERSIDE,IDYLLWILD,kindergarten,29
RIVERSIDE,INDIAN WELLS,kindergarten,147
RIVERSIDE,INDIO,7th grade,1383
RIVERSIDE,INDIO,childcare,531
RIVERSIDE,INDIO,kindergarten,1281
RIVERSIDE,JURUPA VALLEY,7th grade,1457
RIVERSIDE,JURUPA VALLEY,childcare,575
RIVERSIDE,JURUPA VALLEY,kindergarten,1520
RIVERSIDE,LA QUINTA,7th grade,449
RIVERSIDE,LA QUINTA,childcare,235
RIVERSIDE,LA QUINTA,kindergarten,252
RIVERSIDE,LAKE ELSINORE,7th grade,1147
RIVERSIDE,LAKE ELSINORE,childcare,475
RIVERSIDE,LAKE ELSINORE,kindergarten,1300
RIVERSIDE,MECCA,childcare,104
RIVERSIDE,MECCA,kindergarten,298
RIVERSIDE,MENIFEE,7th grade,1556
RIVERSIDE,MENIFEE,childcare,484
RIVERSIDE,MENIFEE,kindergarten,750
RIVERSIDE,MIRA LOMA,childcare,177
RIVERSIDE,MORENO VALLEY,7th grade,3171
RIVERSIDE,MORENO VALLEY,childcare,1911
RIVERSIDE,MORENO VALLEY,kindergarten,3504
RIVERSIDE,MURRIETA,7th grade,1709
RIVERSIDE,MURRIETA,childcare,1452
RIVERSIDE,MURRIETA,kindergarten,1537
RIVERSIDE,MURRIETTA,7th grade,596
RIVERSIDE,MURRIETTA,childcare,95
RIVERSIDE,MURRIETTA,kindergarten,168
RIVERSIDE,NORCO,7th grade,363
RIVERSIDE,NORCO,childcare,462
RIVERSIDE,NORCO,kindergarten,372
RIVERSIDE,NORTH SHORE,childcare,30
RIVERSIDE,NUEVO,7th grade,167
RIVERSIDE,NUEVO,childcare,175
RIVERSIDE,NUEVO,kindergarten,167
RIVERSIDE,PALM DESERT,7th grade,525
RIVERSIDE,PALM DESERT,childcare,711
RIVERSIDE,PALM DESERT,kindergarten,608
RIVERSIDE,PALM SPRINGS,7th grade,427
RIVERSIDE,PALM SPRINGS,childcare,531
RIVERSIDE,PALM SPRINGS,kindergarten,407
RIVERSIDE,PERRIS,7th grade,1827
RIVERSIDE,PERRIS,childcare,1053
RIVERSIDE,PERRIS,kindergarten,1877
RIVERSIDE,QUAIL VALLEY,kindergarten,73
RIVERSIDE,RANCHO MIRAGE,7th grade,23
RIVERSIDE,RANCHO MIRAGE,childcare,49
RIVERSIDE,RANCHO MIRAGE,kindergarten,98
RIVERSIDE,RIVERSIDE,7th grade,4924
RIVERSIDE,RIVERSIDE,childcare,4230
RIVERSIDE,RIVERSIDE,kindergarten,5236
RIVERSIDE,ROMOLAND,childcare,148
RIVERSIDE,ROMOLAND,kindergarten,419
RIVERSIDE,SALTON CITY,7th grade,81
RIVERSIDE,SALTON CITY,kindergarten,105
RIVERSIDE,SAN JACINTO,7th grade,935
RIVERSIDE,SAN JACINTO,childcare,423
RIVERSIDE,SAN JACINTO,kindergarten,925
RIVERSIDE,SUN CITY,childcare,68
RIVERSIDE,SUN CITY,kindergarten,115
RIVERSIDE,TEMECULA,7th grade,2367
RIVERSIDE,TEMECULA,childcare,1469
RIVERSIDE,TEMECULA,kindergarten,2176
RIVERSIDE,THERMAL,7th grade,541
RIVERSIDE,THERMAL,childcare,158
RIVERSIDE,THERMAL,kindergarten,355
RIVERSIDE,THOUSAND PALMS,childcare,104
RIVERSIDE,THOUSAND PALMS,kindergarten,119
RIVERSIDE,WILDOMAR,7th grade,432
RIVERSIDE,WILDOMAR,childcare,358
RIVERSIDE,WILDOMAR,kindergarten,487
RIVERSIDE,WINCHESTER,7th grade,140
RIVERSIDE,WINCHESTER,childcare,174
RIVERSIDE,WINCHESTER,kindergarten,657
SACRAMENTO,ANTELOPE,childcare,238
SACRAMENTO,ANTELOPE,kindergarten,339
SACRAMENTO,CARMICHAEL,7th grade,1052
SACRAMENTO,CARMICHAEL,childcare,1081
SACRAMENTO,CARMICHAEL,kindergarten,1213
SACRAMENTO,CITRUS HEIGHTS,7th grade,425
SACRAMENTO,CITRUS HEIGHTS,childcare,948
SACRAMENTO,CITRUS HEIGHTS,kindergarten,526
SACRAMENTO,CLARKSBURG,7th grade,108
SACRAMENTO,CLARKSBURG,kindergarten,49
SACRAMENTO,COURTLAND,childcare,38
SACRAMENTO,ELK GROVE,7th grade,3471
SACRAMENTO,ELK GROVE,childcare,1501
SACRAMENTO,ELK GROVE,kindergarten,2623
SACRAMENTO,ELVERTA,7th grade,41
SACRAMENTO,ELVERTA,kindergarten,28
SACRAMENTO,FAIR OAKS,7th grade,369
SACRAMENTO,FAIR OAKS,childcare,457
SACRAMENTO,FAIR OAKS,kindergarten,323
SACRAMENTO,FOLSOM,7th grade,993
SACRAMENTO,FOLSOM,childcare,1094
SACRAMENTO,FOLSOM,kindergarten,855
SACRAMENTO,GALT,7th grade,441
SACRAMENTO,GALT,childcare,419
SACRAMENTO,GALT,kindergarten,440
SACRAMENTO,GOLD RIVER,7th grade,93
SACRAMENTO,GOLD RIVER,childcare,41
SACRAMENTO,GOLD RIVER,kindergarten,74
SACRAMENTO,HERALD,7th grade,49
SACRAMENTO,HERALD,kindergarten,71
SACRAMENTO,ISLETON,childcare,21
SACRAMENTO,ISLETON,kindergarten,20
SACRAMENTO,MATHER,7th grade,18
SACRAMENTO,MATHER,childcare,101
SACRAMENTO,MATHER,kindergarten,70
SACRAMENTO,MCCLELLAN,7th grade,143
SACRAMENTO,MCCLELLAN,kindergarten,89
SACRAMENTO,NORTH HIGHLANDS,7th grade,361
SACRAMENTO,NORTH HIGHLANDS,childcare,455
SACRAMENTO,NORTH HIGHLANDS,kindergarten,577
SACRAMENTO,ORANGEVALE,7th grade,679
SACRAMENTO,ORANGEVALE,childcare,332
SACRAMENTO,ORANGEVALE,kindergarten,484
SACRAMENTO,RANCHO CORDOVA,7th grade,550
SACRAMENTO,RANCHO CORDOVA,childcare,1058
SACRAMENTO,RANCHO CORDOVA,kindergarten,930
SACRAMENTO,RANCHO MURIETA,childcare,45
SACRAMENTO,RIO LINDA,7th grade,474
SACRAMENTO,RIO LINDA,childcare,109
SACRAMENTO,RIO LINDA,kindergarten,283
SACRAMENTO,RIO VISTA,7th grade,76
SACRAMENTO,RIO VISTA,kindergarten,60
SACRAMENTO,ROSEVILLE,7th grade,339
SACRAMENTO,SACRAMENTO,7th grade,9021
SACRAMENTO,SACRAMENTO,childcare,9484
SACRAMENTO,SACRAMENTO,kindergarten,10687
SACRAMENTO,SLOUGHHOUSE,kindergarten,45
SACRAMENTO,WALNUT GROVE,childcare,35
SACRAMENTO,WALNUT GROVE,kindergarten,29
SACRAMENTO,WILTON,kindergarten,49
SAN BENITO,AROMAS,7th grade,51
SAN BENITO,AROMAS,childcare,28
SAN BENITO,AROMAS,kindergarten,38
SAN BENITO,HOLLISTER,7th grade,750
SAN BENITO,HOLLISTER,childcare,563
SAN BENITO,HOLLISTER,kindergarten,862
SAN BENITO,SAN JUAN BAUTISTA,7th grade,29
SAN BENITO,SAN JUAN BAUTISTA,childcare,19
SAN BENITO,SAN JUAN BAUTISTA,kindergarten,40
SAN BERNARDINO,ADELANTO,7th grade,344
SAN BERNARDINO,ADELANTO,childcare,240
SAN BERNARDINO,ADELANTO,kindergarten,698
SAN BERNARDINO,ALTA LOMA,7th grade,678
SAN BERNARDINO,ALTA LOMA,childcare,478
SAN BERNARDINO,ALTA LOMA,kindergarten,911
SAN BERNARDINO,APPLE VALLEY,7th grade,1097
SAN BERNARDINO,APPLE VALLEY,childcare,1018
SAN BERNARDINO,APPLE VALLEY,kindergarten,1261
SAN BERNARDINO,BARSTOW,7th grade,469
SAN BERNARDINO,BARSTOW,childcare,322
SAN BERNARDINO,BARSTOW,kindergarten,502
SAN BERNARDINO,BIG BEAR CITY,childcare,112
SAN BERNARDINO,BIG BEAR CITY,kindergarten,63
SAN BERNARDINO,BIG BEAR LAKE,7th grade,178
SAN BERNARDINO,BIG BEAR LAKE,childcare,35
SAN BERNARDINO,BIG BEAR LAKE,kindergarten,94
SAN BERNARDINO,BLOOMINGTON,7th grade,830
SAN BERNARDINO,BLOOMINGTON,childcare,315
SAN BERNARDINO,BLOOMINGTON,kindergarten,491
SAN BERNARDINO,CALIMESA,7th grade,305
SAN BERNARDINO,CALIMESA,kindergarten,20
SAN BERNARDINO,CHINO,7th grade,1272
SAN BERNARDINO,CHINO,childcare,1102
SAN BERNARDINO,CHINO,kindergarten,940
SAN BERNARDINO,CHINO HILLS,7th grade,1160
SAN BERNARDINO,CHINO HILLS,childcare,1109
SAN BERNARDINO,CHINO HILLS,kindergarten,875
SAN BERNARDINO,COLTON,7th grade,1067
SAN BERNARDINO,COLTON,childcare,562
SAN BERNARDINO,COLTON,kindergarten,1014
SAN BERNARDINO,CREST PARK,childcare,45
SAN BERNARDINO,CRESTLINE,childcare,49
SAN BERNARDINO,CRESTLINE,kindergarten,91
SAN BERNARDINO,ETIWANDA,7th grade,1224
SAN BERNARDINO,ETIWANDA,childcare,126
SAN BERNARDINO,ETIWANDA,kindergarten,574
SAN BERNARDINO,FONTANA,7th grade,3242
SAN BERNARDINO,FONTANA,childcare,3043
SAN BERNARDINO,FONTANA,kindergarten,3820
SAN BERNARDINO,FORT IRWIN,7th grade,83
SAN BERNARDINO,FORT IRWIN,childcare,144
SAN BERNARDINO,FORT IRWIN,kindergarten,265
SAN BERNARDINO,GRAND TERRACE,7th grade,486
SAN BERNARDINO,GRAND TERRACE,childcare,90
SAN BERNARDINO,GRAND TERRACE,kindergarten,220
SAN BERNARDINO,HELENDALE,7th grade,140
SAN BERNARDINO,HELENDALE,childcare,27
SAN BERNARDINO,HELENDALE,kindergarten,163
SAN BERNARDINO,HESPERIA,7th grade,1932
SAN BERNARDINO,HESPERIA,childcare,801
SAN BERNARDINO,HESPERIA,kindergarten,1767
SAN BERNARDINO,HIGHLAND,7th grade,804
SAN BERNARDINO,HIGHLAND,childcare,566
SAN BERNARDINO,HIGHLAND,kindergarten,845
SAN BERNARDINO,JOSHUA TREE,childcare,21
SAN BERNARDINO,JOSHUA TREE,kindergarten,77
SAN BERNARDINO,LAKE ARROWHEAD,7th grade,257
SAN BERNARDINO,LAKE ARROWHEAD,kindergarten,102
SAN BERNARDINO,LENWOOD,kindergarten,93
SAN BERNARDINO,LOMA LINDA,7th grade,107
SAN BERNARDINO,LOMA LINDA,childcare,168
SAN BERNARDINO,LOMA LINDA,kindergarten,178
SAN BERNARDINO,LUCERNE VALLEY,7th grade,57
SAN BERNARDINO,LUCERNE VALLEY,childcare,28
SAN BERNARDINO,LUCERNE VALLEY,kindergarten,45
SAN BERNARDINO,MENTONE,childcare,30
SAN BERNARDINO,MENTONE,kindergarten,89
SAN BERNARDINO,MONTCLAIR,7th grade,783
SAN BERNARDINO,MONTCLAIR,childcare,464
SAN BERNARDINO,MONTCLAIR,kindergarten,758
SAN BERNARDINO,MORONGO VALLEY,kindergarten,26
SAN BERNARDINO,NEEDLES,7th grade,81
SAN BERNARDINO,NEEDLES,childcare,58
SAN BERNARDINO,NEEDLES,kindergarten,73
SAN BERNARDINO,NEWBERRY SPRINGS,kindergarten,19
SAN BERNARDINO,OAK HILLS,childcare,30
SAN BERNARDINO,ONTARIO,7th grade,2186
SAN BERNARDINO,ONTARIO,childcare,1545
SAN BERNARDINO,ONTARIO,kindergarten,2552
SAN BERNARDINO,ORO GRANDE,7th grade,239
SAN BERNARDINO,ORO GRANDE,kindergarten,154
SAN BERNARDINO,PHELAN,7th grade,591
SAN BERNARDINO,PHELAN,childcare,161
SAN BERNARDINO,PHELAN,kindergarten,315
SAN BERNARDINO,PINON HILLS,childcare,21
SAN BERNARDINO,PINON HILLS,kindergarten,66
SAN BERNARDINO,PLACERVILLE,7th grade,39
SAN BERNARDINO,PLACERVILLE,kindergarten,76
SAN BERNARDINO,RANCHO CUCAMONGA,7th grade,844
SAN BERNARDINO,RANCHO CUCAMONGA,childcare,1368
SAN BERNARDINO,RANCHO CUCAMONGA,kindergarten,978
SAN BERNARDINO,REDLANDS,7th grade,1317
SAN BERNARDINO,REDLANDS,childcare,1552
SAN BERNARDINO,REDLANDS,kindergarten,1141
SAN BERNARDINO,RIALTO,7th grade,1612
SAN BERNARDINO,RIALTO,childcare,1512
SAN BERNARDINO,RIALTO,kindergarten,1500
SAN BERNARDINO,RIM FOREST,childcare,19
SAN BERNARDINO,RUNNING SPRINGS,childcare,20
SAN BERNARDINO,RUNNING SPRINGS,kindergarten,72
SAN BERNARDINO,SAN BERNARDINO,7th grade,3282
SAN BERNARDINO,SAN BERNARDINO,childcare,2943
SAN BERNARDINO,SAN BERNARDINO,kindergarten,4353
SAN BERNARDINO,SAN MARCOS,7th grade,9
SAN BERNARDINO,SAN MARCOS,kindergarten,12
SAN BERNARDINO,TRONA,7th grade,24
SAN BERNARDINO,TRONA,childcare,22
SAN BERNARDINO,TRONA,kindergarten,20
SAN BERNARDINO,TWENTY NINE PALMS,childcare,44
SAN BERNARDINO,TWENTYNINE PALMS,7th grade,253
SAN BERNARDINO,TWENTYNINE PALMS,childcare,161
SAN BERNARDINO,TWENTYNINE PALMS,kindergarten,357
SAN BERNARDINO,TWIN PEAKS,7th grade,20
SAN BERNARDINO,TWIN PEAKS,childcare,53
SAN BERNARDINO,TWIN PEAKS,kindergarten,18
SAN BERNARDINO,UPLAND,7th grade,905
SAN BERNARDINO,UPLAND,childcare,1281
SAN BERNARDINO,UPLAND,kindergarten,849
SAN BERNARDINO,VICTORVILLE,7th grade,2375
SAN BERNARDINO,VICTORVILLE,childcare,1176
SAN BERNARDINO,VICTORVILLE,kindergarten,2349
SAN BERNARDINO,WRIGHTWOOD,childcare,1
SAN BERNARDINO,WRIGHTWOOD,kindergarten,59
SAN BERNARDINO,YERMO,7th grade,36
SAN BERNARDINO,YERMO,kindergarten,43
SAN BERNARDINO,YUCAIPA,7th grade,523
SAN BERNARDINO,YUCAIPA,childcare,424
SAN BERNARDINO,YUCAIPA,kindergarten,838
SAN BERNARDINO,YUCCA VALLEY,7th grade,351
SAN BERNARDINO,YUCCA VALLEY,childcare,219
SAN BERNARDINO,YUCCA VALLEY,kindergarten,231
SAN DIEGO,ALPINE,7th grade,198
SAN DIEGO,ALPINE,childcare,198
SAN DIEGO,ALPINE,kindergarten,514
SAN DIEGO,BONITA,childcare,275
SAN DIEGO,BONITA,kindergarten,197
SAN DIEGO,BONSALL,7th grade,218
SAN DIEGO,BONSALL,kindergarten,194
SAN DIEGO,BORREGO SPRINGS,7th grade,32
SAN DIEGO,BORREGO SPRINGS,childcare,27
SAN DIEGO,BORREGO SPRINGS,kindergarten,38
SAN DIEGO,BOULEVARD,childcare,19
SAN DIEGO,BOULEVARD,kindergarten,22
SAN DIEGO,CAMPO,7th grade,108
SAN DIEGO,CAMPO,childcare,20
SAN DIEGO,CAMPO,kindergarten,65
SAN DIEGO,CARDIFF BY THE SEA,childcare,160
SAN DIEGO,CARDIFF BY THE SEA,kindergarten,100
SAN DIEGO,CARLSBAD,7th grade,968
SAN DIEGO,CARLSBAD,childcare,2227
SAN DIEGO,CARLSBAD,kindergarten,1401
SAN DIEGO,CHULA VISTA,7th grade,4380
SAN DIEGO,CHULA VISTA,childcare,3465
SAN DIEGO,CHULA VISTA,kindergarten,4040
SAN DIEGO,CORONADO,7th grade,258
SAN DIEGO,CORONADO,childcare,253
SAN DIEGO,CORONADO,kindergarten,235
SAN DIEGO,DEL MAR,childcare,169
SAN DIEGO,DEL MAR,kindergarten,107
SAN DIEGO,DESCANSO,childcare,49
SAN DIEGO,DESCANSO,kindergarten,41
SAN DIEGO,EL CAJON,7th grade,2242
SAN DIEGO,EL CAJON,childcare,2110
SAN DIEGO,EL CAJON,kindergarten,2834
SAN DIEGO,ENCINITAS,7th grade,861
SAN DIEGO,ENCINITAS,childcare,1516
SAN DIEGO,ENCINITAS,kindergarten,453
SAN DIEGO,ESCONDIDO,7th grade,2241
SAN DIEGO,ESCONDIDO,childcare,1977
SAN DIEGO,ESCONDIDO,kindergarten,2570
SAN DIEGO,FALLBROOK,7th grade,388
SAN DIEGO,FALLBROOK,childcare,570
SAN DIEGO,FALLBROOK,kindergarten,473
SAN DIEGO,IMPERIAL BEACH,7th grade,124
SAN DIEGO,IMPERIAL BEACH,childcare,611
SAN DIEGO,IMPERIAL BEACH,kindergarten,376
SAN DIEGO,JAMUL,7th grade,90
SAN DIEGO,JAMUL,childcare,45
SAN DIEGO,JAMUL,kindergarten,75
SAN DIEGO,JULIAN,7th grade,265
SAN DIEGO,JULIAN,kindergarten,236
SAN DIEGO,LA JOLLA,7th grade,698
SAN DIEGO,LA JOLLA,childcare,1244
SAN DIEGO,LA JOLLA,kindergarten,406
SAN DIEGO,LA MESA,7th grade,990
SAN DIEGO,LA MESA,childcare,1270
SAN DIEGO,LA MESA,kindergarten,939
SAN DIEGO,LAKESIDE,7th grade,550
SAN DIEGO,LAKESIDE,childcare,426
SAN DIEGO,LAKESIDE,kindergarten,763
SAN DIEGO,LEMON GROVE,7th grade,359
SAN DIEGO,LEMON GROVE,childcare,388
SAN DIEGO,LEMON GROVE,kindergarten,359
SAN DIEGO,LEUCADIA,childcare,63
SAN DIEGO,NATIONAL CITY,7th grade,777
SAN DIEGO,NATIONAL CITY,childcare,835
SAN DIEGO,NATIONAL CITY,kindergarten,859
SAN DIEGO,OCEANSIDE,7th grade,2362
SAN DIEGO,OCEANSIDE,childcare,2219
SAN DIEGO,OCEANSIDE,kindergarten,2712
SAN DIEGO,PAUMA VALLEY,childcare,38
SAN DIEGO,PAUMA VALLEY,kindergarten,51
SAN DIEGO,PINE VALLEY,7th grade,32
SAN DIEGO,POTRERO,kindergarten,28
SAN DIEGO,POWAY,7th grade,898
SAN DIEGO,POWAY,childcare,1561
SAN DIEGO,POWAY,kindergarten,833
SAN DIEGO,RAINBOW,7th grade,22
SAN DIEGO,RAINBOW,childcare,21
SAN DIEGO,RAINBOW,kindergarten,31
SAN DIEGO,RAMONA,7th grade,417
SAN DIEGO,RAMONA,childcare,395
SAN DIEGO,RAMONA,kindergarten,402
SAN DIEGO,RANCHO SANTA FE,7th grade,116
SAN DIEGO,RANCHO SANTA FE,childcare,312
SAN DIEGO,RANCHO SANTA FE,kindergarten,135
SAN DIEGO,SAN CLEMENTE,kindergarten,103
SAN DIEGO,SAN DIEGO,7th grade,13951
SAN DIEGO,SAN DIEGO,childcare,16457
SAN DIEGO,SAN DIEGO,kindergarten,15940
SAN DIEGO,SAN MARCOS,7th grade,1813
SAN DIEGO,SAN MARCOS,childcare,1165
SAN DIEGO,SAN MARCOS,kindergarten,1409
SAN DIEGO,SAN YSIDRO,7th grade,354
SAN DIEGO,SAN YSIDRO,childcare,442
SAN DIEGO,SAN YSIDRO,kindergarten,661
SAN DIEGO,SANTEE,7th grade,570
SAN DIEGO,SANTEE,childcare,645
SAN DIEGO,SANTEE,kindergarten,736
SAN DIEGO,SIMI VALLEY,7th grade,170
SAN DIEGO,SIMI VALLEY,kindergarten,118
SAN DIEGO,SOLANA BEACH,7th grade,453
SAN DIEGO,SOLANA BEACH,childcare,539
SAN DIEGO,SOLANA BEACH,kindergarten,160
SAN DIEGO,SPRING VALLEY,7th grade,611
SAN DIEGO,SPRING VALLEY,childcare,738
SAN DIEGO,SPRING VALLEY,kindergarten,730
SAN DIEGO,THOUSAND OAKS,7th grade,7
SAN DIEGO,THOUSAND OAKS,kindergarten,12
SAN DIEGO,VALLEY CENTER,7th grade,315
SAN DIEGO,VALLEY CENTER,childcare,115
SAN DIEGO,VALLEY CENTER,kindergarten,278
SAN DIEGO,VISTA,7th grade,1114
SAN DIEGO,VISTA,childcare,1818
SAN DIEGO,VISTA,kindergarten,1660
SAN DIEGO,WARNER SPRINGS,7th grade,52
SAN DIEGO,WARNER SPRINGS,kindergarten,82
SAN FRANCISCO,SAN FRANCISCO,7th grade,5417
SAN FRANCISCO,SAN FRANCISCO,childcare,11903
SAN FRANCISCO,SAN FRANCISCO,kindergarten,5954
SAN JOAQUIN,ACAMPO,7th grade,79
SAN JOAQUIN,ACAMPO,kindergarten,57
SAN JOAQUIN,BANTA,childcare,38
SAN JOAQUIN,ESCALON,7th grade,189
SAN JOAQUIN,ESCALON,childcare,282
SAN JOAQUIN,ESCALON,kindergarten,234
SAN JOAQUIN,FRENCH CAMP,7th grade,66
SAN JOAQUIN,FRENCH CAMP,childcare,94
SAN JOAQUIN,FRENCH CAMP,kindergarten,63
SAN JOAQUIN,LATHROP,7th grade,424
SAN JOAQUIN,LATHROP,childcare,175
SAN JOAQUIN,LATHROP,kindergarten,430
SAN JOAQUIN,LINDEN,kindergarten,97
SAN JOAQUIN,LOCKEFORD,7th grade,49
SAN JOAQUIN,LOCKEFORD,kindergarten,45
SAN JOAQUIN,LODI,7th grade,1087
SAN JOAQUIN,LODI,childcare,1176
SAN JOAQUIN,LODI,kindergarten,1156
SAN JOAQUIN,MANTECA,7th grade,1138
SAN JOAQUIN,MANTECA,childcare,1169
SAN JOAQUIN,MANTECA,kindergarten,997
SAN JOAQUIN,MOUNTAIN HOUSE,7th grade,353
SAN JOAQUIN,MOUNTAIN HOUSE,childcare,123
SAN JOAQUIN,MOUNTAIN HOUSE,kindergarten,455
SAN JOAQUIN,RIPON,7th grade,360
SAN JOAQUIN,RIPON,childcare,199
SAN JOAQUIN,RIPON,kindergarten,329
SAN JOAQUIN,SIMI VALLEY,7th grade,99
SAN JOAQUIN,SIMI VALLEY,kindergarten,80
SAN JOAQUIN,STOCKTON,7th grade,6056
SAN JOAQUIN,STOCKTON,childcare,4643
SAN JOAQUIN,STOCKTON,kindergarten,6438
SAN JOAQUIN,THORNTON,7th grade,22
SAN JOAQUIN,THORNTON,kindergarten,21
SAN JOAQUIN,TRACY,7th grade,1584
SAN JOAQUIN,TRACY,childcare,1182
SAN JOAQUIN,TRACY,kindergarten,1461
SAN JOAQUIN,VICTOR,kindergarten,23
SAN LUIS OBISPO,ARROYO GRANDE,7th grade,866
SAN LUIS OBISPO,ARROYO GRANDE,childcare,261
SAN LUIS OBISPO,ARROYO GRANDE,kindergarten,216
SAN LUIS OBISPO,ATASCADERO,7th grade,367
SAN LUIS OBISPO,ATASCADERO,childcare,325
SAN LUIS OBISPO,ATASCADERO,kindergarten,315
SAN LUIS OBISPO,CAMBRIA,7th grade,38
SAN LUIS OBISPO,CAMBRIA,childcare,48
SAN LUIS OBISPO,CAMBRIA,kindergarten,42
SAN LUIS OBISPO,CAYUCOS,kindergarten,19
SAN LUIS OBISPO,GROVER BEACH,childcare,60
SAN LUIS OBISPO,GROVER BEACH,kindergarten,240
SAN LUIS OBISPO,LOS OSOS,7th grade,194
SAN LUIS OBISPO,LOS OSOS,childcare,90
SAN LUIS OBISPO,LOS OSOS,kindergarten,104
SAN LUIS OBISPO,MORRO BAY,childcare,71
SAN LUIS OBISPO,MORRO BAY,kindergarten,58
SAN LUIS OBISPO,NIPOMO,childcare,146
SAN LUIS OBISPO,NIPOMO,kindergarten,215
SAN LUIS OBISPO,OCEANO,childcare,100
SAN LUIS OBISPO,OCEANO,kindergarten,83
SAN LUIS OBISPO,PASO ROBLES,7th grade,493
SAN LUIS OBISPO,PASO ROBLES,childcare,446
SAN LUIS OBISPO,PASO ROBLES,kindergarten,584
SAN LUIS OBISPO,PISMO BEACH,7th grade,247
SAN LUIS OBISPO,PISMO BEACH,childcare,126
SAN LUIS OBISPO,PISMO BEACH,kindergarten,104
SAN LUIS OBISPO,SAN LUIS OBISPO,7th grade,500
SAN LUIS OBISPO,SAN LUIS OBISPO,childcare,842
SAN LUIS OBISPO,SAN LUIS OBISPO,kindergarten,444
SAN LUIS OBISPO,SAN MIGUEL,7th grade,58
SAN LUIS OBISPO,SAN MIGUEL,childcare,19
SAN LUIS OBISPO,SAN MIGUEL,kindergarten,112
SAN LUIS OBISPO,SANTA MARGARITA,kindergarten,60
SAN LUIS OBISPO,SHANDON,7th grade,21
SAN LUIS OBISPO,SHANDON,kindergarten,27
SAN LUIS OBISPO,TEMPLETON,7th grade,178
SAN LUIS OBISPO,TEMPLETON,childcare,85
SAN LUIS OBISPO,TEMPLETON,kindergarten,183
SAN MATEO,ATHERTON,7th grade,213
SAN MATEO,ATHERTON,childcare,260
SAN MATEO,ATHERTON,kindergarten,473
SAN MATEO,BELMONT,7th grade,501
SAN MATEO,BELMONT,childcare,391
SAN MATEO,BELMONT,kindergarten,369
SAN MATEO,BRISBANE,7th grade,46
SAN MATEO,BRISBANE,childcare,36
SAN MATEO,BRISBANE,kindergarten,40
SAN MATEO,BURLINGAME,7th grade,423
SAN MATEO,BURLINGAME,childcare,883
SAN MATEO,BURLINGAME,kindergarten,558
SAN MATEO,COLMA,7th grade,228
SAN MATEO,COLMA,childcare,78
SAN MATEO,COLMA,kindergarten,68
SAN MATEO,DALY CITY,7th grade,570
SAN MATEO,DALY CITY,childcare,872
SAN MATEO,DALY CITY,kindergarten,883
SAN MATEO,EAST PALO ALTO,7th grade,257
SAN MATEO,EAST PALO ALTO,childcare,588
SAN MATEO,EAST PALO ALTO,kindergarten,346
SAN MATEO,EL GRANADA,childcare,43
SAN MATEO,EMERALD HILLS,childcare,66
SAN MATEO,FOSTER CITY,7th grade,357
SAN MATEO,FOSTER CITY,childcare,1038
SAN MATEO,FOSTER CITY,kindergarten,516
SAN MATEO,HALF MOON BAY,7th grade,298
SAN MATEO,HALF MOON BAY,childcare,198
SAN MATEO,HALF MOON BAY,kindergarten,203
SAN MATEO,HILLSBOROUGH,7th grade,298
SAN MATEO,HILLSBOROUGH,childcare,96
SAN MATEO,HILLSBOROUGH,kindergarten,148
SAN MATEO,MENLO PARK,7th grade,717
SAN MATEO,MENLO PARK,childcare,1159
SAN MATEO,MENLO PARK,kindergarten,413
SAN MATEO,MILLBRAE,7th grade,290
SAN MATEO,MILLBRAE,childcare,297
SAN MATEO,MILLBRAE,kindergarten,203
SAN MATEO,MONTARA,kindergarten,74
SAN MATEO,PACIFICA,7th grade,350
SAN MATEO,PACIFICA,childcare,381
SAN MATEO,PACIFICA,kindergarten,352
SAN MATEO,PESCADERO,7th grade,21
SAN MATEO,PORTOLA VALLEY,7th grade,124
SAN MATEO,PORTOLA VALLEY,childcare,142
SAN MATEO,PORTOLA VALLEY,kindergarten,90
SAN MATEO,REDWOOD CITY,7th grade,813
SAN MATEO,REDWOOD CITY,childcare,1328
SAN MATEO,REDWOOD CITY,kindergarten,1061
SAN MATEO,SAN BRUNO,7th grade,325
SAN MATEO,SAN BRUNO,childcare,824
SAN MATEO,SAN BRUNO,kindergarten,596
SAN MATEO,SAN CARLOS,7th grade,431
SAN MATEO,SAN CARLOS,childcare,677
SAN MATEO,SAN CARLOS,kindergarten,506
SAN MATEO,SAN MATEO,7th grade,1043
SAN MATEO,SAN MATEO,childcare,2028
SAN MATEO,SAN MATEO,kindergarten,1279
SAN MATEO,SIMI VALLEY,7th grade,34
SAN MATEO,SIMI VALLEY,kindergarten,33
SAN MATEO,SOUTH SAN FRANCISCO,7th grade,676
SAN MATEO,SOUTH SAN FRANCISCO,childcare,1435
SAN MATEO,SOUTH SAN FRANCISCO,kindergarten,469
SAN MATEO,WOODSIDE,7th grade,49
SAN MATEO,WOODSIDE,childcare,100
SAN MATEO,WOODSIDE,kindergarten,49
SANTA BARBARA,BUELLTON,childcare,73
SANTA BARBARA,BUELLTON,kindergarten,75
SANTA BARBARA,CARPINTERIA,7th grade,167
SANTA BARBARA,CARPINTERIA,childcare,226
SANTA BARBARA,CARPINTERIA,kindergarten,165
SANTA BARBARA,GOLETA,7th grade,396
SANTA BARBARA,GOLETA,childcare,593
SANTA BARBARA,GOLETA,kindergarten,357
SANTA BARBARA,GUADALUPE,7th grade,141
SANTA BARBARA,GUADALUPE,childcare,35
SANTA BARBARA,GUADALUPE,kindergarten,192
SANTA BARBARA,LOMPOC,7th grade,836
SANTA BARBARA,LOMPOC,childcare,544
SANTA BARBARA,LOMPOC,kindergarten,764
SANTA BARBARA,LOS ALAMOS,7th grade,22
SANTA BARBARA,LOS ALAMOS,childcare,20
SANTA BARBARA,LOS ALAMOS,kindergarten,27
SANTA BARBARA,LOS OLIVOS,7th grade,22
SANTA BARBARA,LOS OLIVOS,childcare,57
SANTA BARBARA,NEW CUYAMA,7th grade,24
SANTA BARBARA,ORCUTT,7th grade,21
SANTA BARBARA,ORCUTT,childcare,99
SANTA BARBARA,ORCUTT,kindergarten,22
SANTA BARBARA,SANTA BARBARA,7th grade,1360
SANTA BARBARA,SANTA BARBARA,childcare,1950
SANTA BARBARA,SANTA BARBARA,kindergarten,1261
SANTA BARBARA,SANTA MARIA,7th grade,2503
SANTA BARBARA,SANTA MARIA,childcare,1489
SANTA BARBARA,SANTA MARIA,kindergarten,2960
SANTA BARBARA,SANTA YNEZ,7th grade,48
SANTA BARBARA,SANTA YNEZ,childcare,24
SANTA BARBARA,SANTA YNEZ,kindergarten,46
SANTA BARBARA,SOLVANG,7th grade,65
SANTA BARBARA,SOLVANG,childcare,122
SANTA BARBARA,SOLVANG,kindergarten,66
SANTA BARBARA,VANDENBERG AFB,7th grade,309
SANTA BARBARA,VANDENBERG AFB,childcare,44
SANTA BARBARA,VANDENBERG AFB,kindergarten,180
SANTA CLARA,ALVISO,childcare,37
SANTA CLARA,ALVISO,kindergarten,86
SANTA CLARA,CAMPBELL,7th grade,261
SANTA CLARA,CAMPBELL,childcare,1355
SANTA CLARA,CAMPBELL,kindergarten,527
SANTA CLARA,CUPERTINO,7th grade,1223
SANTA CLARA,CUPERTINO,childcare,1141
SANTA CLARA,CUPERTINO,kindergarten,778
SANTA CLARA,GILROY,7th grade,917
SANTA CLARA,GILROY,childcare,661
SANTA CLARA,GILROY,kindergarten,963
SANTA CLARA,LOS ALTOS,7th grade,715
SANTA CLARA,LOS ALTOS,childcare,1191
SANTA CLARA,LOS ALTOS,kindergarten,635
SANTA CLARA,LOS ALTOS HILLS,7th grade,70
SANTA CLARA,LOS ALTOS HILLS,childcare,46
SANTA CLARA,LOS ALTOS HILLS,kindergarten,65
SANTA CLARA,LOS GATOS,7th grade,888
SANTA CLARA,LOS GATOS,childcare,1064
SANTA CLARA,LOS GATOS,kindergarten,637
SANTA CLARA,MILPITAS,7th grade,831
SANTA CLARA,MILPITAS,childcare,2274
SANTA CLARA,MILPITAS,kindergarten,934
SANTA CLARA,MOFFETT FIELD,childcare,56
SANTA CLARA,MORGAN HILL,7th grade,479
SANTA CLARA,MORGAN HILL,childcare,767
SANTA CLARA,MORGAN HILL,kindergarten,740
SANTA CLARA,MOUNTAIN VIEW,7th grade,599
SANTA CLARA,MOUNTAIN VIEW,childcare,1662
SANTA CLARA,MOUNTAIN VIEW,kindergarten,796
SANTA CLARA,PALO ALTO,7th grade,889
SANTA CLARA,PALO ALTO,childcare,2098
SANTA CLARA,PALO ALTO,kindergarten,956
SANTA CLARA,SAN JOSE,7th grade,12897
SANTA CLARA,SAN JOSE,childcare,11669
SANTA CLARA,SAN JOSE,kindergarten,13433
SANTA CLARA,SAN MARTIN,7th grade,57
SANTA CLARA,SAN MARTIN,kindergarten,90
SANTA CLARA,SANTA CLARA,7th grade,922
SANTA CLARA,SANTA CLARA,childcare,2037
SANTA CLARA,SANTA CLARA,kindergarten,1559
SANTA CLARA,SARATOGA,7th grade,374
SANTA CLARA,SARATOGA,childcare,752
SANTA CLARA,SARATOGA,kindergarten,398
SANTA CLARA,STANFORD,childcare,678
SANTA CLARA,STANFORD,kindergarten,153
SANTA CLARA,SUNNYVALE,7th grade,1851
SANTA CLARA,SUNNYVALE,childcare,3563
SANTA CLARA,SUNNYVALE,kindergarten,2117
SANTA CRUZ,APTOS,7th grade,360
SANTA CRUZ,APTOS,childcare,302
SANTA CRUZ,APTOS,kindergarten,266
SANTA CRUZ,BOULDER CREEK,7th grade,39
SANTA CRUZ,BOULDER CREEK,childcare,53
SANTA CRUZ,BOULDER CREEK,kindergarten,224
SANTA CRUZ,CAPITOLA,7th grade,220
SANTA CRUZ,CAPITOLA,childcare,71
SANTA CRUZ,CAPITOLA,kindergarten,45
SANTA CRUZ,DAVENPORT,kindergarten,17
SANTA CRUZ,FELTON,7th grade,204
SANTA CRUZ,FELTON,childcare,45
SANTA CRUZ,FELTON,kindergarten,105
SANTA CRUZ,FREEDOM,childcare,157
SANTA CRUZ,FREEDOM,kindergarten,116
SANTA CRUZ,LA SELVA BEACH,childcare,30
SANTA CRUZ,MOUNT HERMON,childcare,42
SANTA CRUZ,SANTA CRUZ,7th grade,634
SANTA CRUZ,SANTA CRUZ,childcare,811
SANTA CRUZ,SANTA CRUZ,kindergarten,775
SANTA CRUZ,SCOTTS VALLEY,7th grade,201
SANTA CRUZ,SCOTTS VALLEY,childcare,293
SANTA CRUZ,SCOTTS VALLEY,kindergarten,124
SANTA CRUZ,SOQUEL,childcare,186
SANTA CRUZ,SOQUEL,kindergarten,153
SANTA CRUZ,WATSONVILLE,7th grade,1356
SANTA CRUZ,WATSONVILLE,childcare,883
SANTA CRUZ,WATSONVILLE,kindergarten,1302
SHASTA,ANDERSON,7th grade,163
SHASTA,ANDERSON,childcare,124
SHASTA,ANDERSON,kindergarten,323
SHASTA,BELLA VISTA,7th grade,38
SHASTA,BELLA VISTA,childcare,24
SHASTA,BELLA VISTA,kindergarten,38
SHASTA,BURNEY,7th grade,54
SHASTA,BURNEY,childcare,26
SHASTA,BURNEY,kindergarten,60
SHASTA,COTTONWOOD,7th grade,105
SHASTA,COTTONWOOD,childcare,69
SHASTA,COTTONWOOD,kindergarten,162
SHASTA,FALL RIVER MILLS,kindergarten,43
SHASTA,MCARTHUR,7th grade,46
SHASTA,MILLVILLE,7th grade,21
SHASTA,MILLVILLE,childcare,18
SHASTA,MILLVILLE,kindergarten,39
SHASTA,PALO CEDRO,7th grade,107
SHASTA,PALO CEDRO,childcare,55
SHASTA,PALO CEDRO,kindergarten,124
SHASTA,REDDING,7th grade,1108
SHASTA,REDDING,childcare,1394
SHASTA,REDDING,kindergarten,1199
SHASTA,SHASTA,kindergarten,23
SHASTA,SHASTA LAKE,7th grade,110
SHASTA,SHASTA LAKE,childcare,21
SHASTA,SHASTA LAKE,kindergarten,114
SHASTA,SHINGLETOWN,7th grade,22
SHASTA,SHINGLETOWN,childcare,22
SHASTA,SHINGLETOWN,kindergarten,28
SHASTA,WHITMORE,7th grade,17
SHASTA,WHITMORE,kindergarten,12
SIERRA,LOYALTON,7th grade,25
SIERRA,LOYALTON,childcare,26
SIERRA,LOYALTON,kindergarten,29
SISKIYOU,DORRIS,childcare,40
SISKIYOU,DORRIS,kindergarten,25
SISKIYOU,ETNA,childcare,19
SISKIYOU,ETNA,kindergarten,38
SISKIYOU,FORT JONES,7th grade,58
SISKIYOU,FORT JONES,kindergarten,18
SISKIYOU,GRENADA,7th grade,21
SISKIYOU,GRENADA,kindergarten,35
SISKIYOU,HAPPY CAMP,kindergarten,19
SISKIYOU,MONTAGUE,7th grade,38
SISKIYOU,MONTAGUE,childcare,25
SISKIYOU,MONTAGUE,kindergarten,22
SISKIYOU,MOUNT SHASTA,7th grade,79
SISKIYOU,MOUNT SHASTA,childcare,49
SISKIYOU,MOUNT SHASTA,kindergarten,78
SISKIYOU,WEED,7th grade,50
SISKIYOU,WEED,kindergarten,65
SISKIYOU,YREKA,7th grade,98
SISKIYOU,YREKA,childcare,143
SISKIYOU,YREKA,kindergarten,145
SOLANO,BENICIA,7th grade,402
SOLANO,BENICIA,childcare,467
SOLANO,BENICIA,kindergarten,388
SOLANO,DIXON,7th grade,250
SOLANO,DIXON,childcare,208
SOLANO,DIXON,kindergarten,301
SOLANO,FAIRFIELD,7th grade,1803
SOLANO,FAIRFIELD,childcare,919
SOLANO,FAIRFIELD,kindergarten,1631
SOLANO,SUISUN CITY,7th grade,343
SOLANO,SUISUN CITY,childcare,41
SOLANO,SUISUN CITY,kindergarten,360
SOLANO,TRAVIS AFB,childcare,28
SOLANO,TRAVIS AFB,kindergarten,162
SOLANO,VACAVILLE,7th grade,1006
SOLANO,VACAVILLE,childcare,826
SOLANO,VACAVILLE,kindergarten,1259
SOLANO,VALLEJO,7th grade,1156
SOLANO,VALLEJO,childcare,470
SOLANO,VALLEJO,kindergarten,1209
SONOMA,BOYES HOT SPRINGS,childcare,19
SONOMA,CLOVERDALE,7th grade,113
SONOMA,CLOVERDALE,childcare,43
SONOMA,CLOVERDALE,kindergarten,129
SONOMA,COTATI,7th grade,49
SONOMA,COTATI,childcare,159
SONOMA,COTATI,kindergarten,40
SONOMA,FORESTVILLE,7th grade,27
SONOMA,FORESTVILLE,kindergarten,29
SONOMA,GEYSERVILLE,7th grade,20
SONOMA,GEYSERVILLE,kindergarten,20
SONOMA,GLEN ELLEN,kindergarten,37
SONOMA,GUERNEVILLE,7th grade,23
SONOMA,GUERNEVILLE,childcare,33
SONOMA,GUERNEVILLE,kindergarten,32
SONOMA,HEALDSBURG,7th grade,185
SONOMA,HEALDSBURG,childcare,170
SONOMA,HEALDSBURG,kindergarten,192
SONOMA,KENWOOD,kindergarten,19
SONOMA,OCCIDENTAL,7th grade,28
SONOMA,OCCIDENTAL,kindergarten,42
SONOMA,PENNGROVE,childcare,30
SONOMA,PENNGROVE,kindergarten,60
SONOMA,PETALUMA,7th grade,856
SONOMA,PETALUMA,childcare,903
SONOMA,PETALUMA,kindergarten,1143
SONOMA,ROHNERT PARK,7th grade,403
SONOMA,ROHNERT PARK,childcare,322
SONOMA,ROHNERT PARK,kindergarten,469
SONOMA,SANTA ROSA,7th grade,2487
SONOMA,SANTA ROSA,childcare,2534
SONOMA,SANTA ROSA,kindergarten,2887
SONOMA,SEBASTOPOL,7th grade,267
SONOMA,SEBASTOPOL,childcare,139
SONOMA,SEBASTOPOL,kindergarten,340
SONOMA,SIMI VALLEY,7th grade,36
SONOMA,SIMI VALLEY,kindergarten,26
SONOMA,SONOMA,7th grade,361
SONOMA,SONOMA,childcare,408
SONOMA,SONOMA,kindergarten,321
SONOMA,WINDSOR,7th grade,365
SONOMA,WINDSOR,childcare,225
SONOMA,WINDSOR,kindergarten,142
STANISLAUS,CERES,7th grade,1134
STANISLAUS,CERES,childcare,641
STANISLAUS,CERES,kindergarten,914
STANISLAUS,DENAIR,7th grade,76
STANISLAUS,DENAIR,kindergarten,126
STANISLAUS,EMPIRE,7th grade,76
STANISLAUS,EMPIRE,childcare,32
STANISLAUS,EMPIRE,kindergarten,34
STANISLAUS,HICKMAN,7th grade,99
STANISLAUS,HICKMAN,kindergarten,81
STANISLAUS,HUGHSON,7th grade,230
STANISLAUS,HUGHSON,childcare,155
STANISLAUS,KEYES,7th grade,29
STANISLAUS,KEYES,childcare,38
STANISLAUS,KEYES,kindergarten,133
STANISLAUS,KNIGHTS FERRY,kindergarten,23
STANISLAUS,MODESTO,7th grade,3755
STANISLAUS,MODESTO,childcare,3239
STANISLAUS,MODESTO,kindergarten,3900
STANISLAUS,NEWMAN,7th grade,239
STANISLAUS,NEWMAN,childcare,107
STANISLAUS,NEWMAN,kindergarten,245
STANISLAUS,OAKDALE,7th grade,404
STANISLAUS,OAKDALE,childcare,296
STANISLAUS,OAKDALE,kindergarten,480
STANISLAUS,PATTERSON,7th grade,496
STANISLAUS,PATTERSON,childcare,388
STANISLAUS,PATTERSON,kindergarten,469
STANISLAUS,RIVERBANK,7th grade,205
STANISLAUS,RIVERBANK,childcare,63
STANISLAUS,RIVERBANK,kindergarten,393
STANISLAUS,SALIDA,7th grade,259
STANISLAUS,SALIDA,childcare,96
STANISLAUS,SALIDA,kindergarten,151
STANISLAUS,TURLOCK,7th grade,1163
STANISLAUS,TURLOCK,childcare,1162
STANISLAUS,TURLOCK,kindergarten,995
STANISLAUS,WATERFORD,7th grade,231
STANISLAUS,WATERFORD,childcare,60
STANISLAUS,WATERFORD,kindergarten,296
STANISLAUS,WESTLEY,childcare,22
STANISLAUS,WESTLEY,kindergarten,49
SUTTER,EAST NICOLAUS,7th grade,63
SUTTER,EAST NICOLAUS,childcare,22
SUTTER,EAST NICOLAUS,kindergarten,102
SUTTER,LIVE OAK,7th grade,151
SUTTER,LIVE OAK,childcare,113
SUTTER,LIVE OAK,kindergarten,145
SUTTER,MERIDIAN,7th grade,13
SUTTER,MERIDIAN,kindergarten,126
SUTTER,PLEASANT GROVE,7th grade,24
SUTTER,SIMI VALLEY,7th grade,49
SUTTER,SIMI VALLEY,kindergarten,43
SUTTER,SUTTER,7th grade,62
SUTTER,SUTTER,childcare,28
SUTTER,SUTTER,kindergarten,54
SUTTER,YUBA CITY,7th grade,1179
SUTTER,YUBA CITY,childcare,1240
SUTTER,YUBA CITY,kindergarten,1188
TEHAMA,CORNING,7th grade,270
TEHAMA,CORNING,childcare,125
TEHAMA,CORNING,kindergarten,259
TEHAMA,COTTONWOOD,7th grade,94
TEHAMA,COTTONWOOD,childcare,75
TEHAMA,COTTONWOOD,kindergarten,130
TEHAMA,GERBER,7th grade,42
TEHAMA,GERBER,kindergarten,47
TEHAMA,LOS MOLINOS,7th grade,61
TEHAMA,LOS MOLINOS,kindergarten,86
TEHAMA,ORLAND,childcare,22
TEHAMA,RED BLUFF,7th grade,318
TEHAMA,RED BLUFF,childcare,293
TEHAMA,RED BLUFF,kindergarten,394
TEHAMA,TEHAMA,childcare,44
TRINITY,DOUGLAS CITY,7th grade,23
TRINITY,DOUGLAS CITY,kindergarten,19
TRINITY,WEAVERVILLE,7th grade,50
TRINITY,WEAVERVILLE,childcare,22
TULARE,ALPAUGH,7th grade,52
TULARE,ALPAUGH,childcare,24
TULARE,ALPAUGH,kindergarten,36
TULARE,CUTLER,childcare,125
TULARE,CUTLER,kindergarten,126
TULARE,DELANO,kindergarten,26
TULARE,DINUBA,7th grade,531
TULARE,DINUBA,childcare,99
TULARE,DINUBA,kindergarten,606
TULARE,DUCOR,7th grade,31
TULARE,DUCOR,kindergarten,19
TULARE,EARLIMART,7th grade,214
TULARE,EARLIMART,childcare,101
TULARE,EARLIMART,kindergarten,215
TULARE,EXETER,7th grade,195
TULARE,EXETER,childcare,140
TULARE,EXETER,kindergarten,224
TULARE,FARMERSVILLE,7th grade,211
TULARE,FARMERSVILLE,childcare,19
TULARE,FARMERSVILLE,kindergarten,184
TULARE,IVANHOE,7th grade,19
TULARE,IVANHOE,childcare,77
TULARE,IVANHOE,kindergarten,90
TULARE,KINGSBURG,7th grade,40
TULARE,KINGSBURG,kindergarten,56
TULARE,LEMON COVE,7th grade,30
TULARE,LEMON COVE,kindergarten,36
TULARE,LINDSAY,7th grade,291
TULARE,LINDSAY,childcare,311
TULARE,LINDSAY,kindergarten,370
TULARE,OROSI,7th grade,311
TULARE,OROSI,childcare,173
TULARE,OROSI,kindergarten,289
TULARE,PIXLEY,7th grade,107
TULARE,PIXLEY,childcare,19
TULARE,PIXLEY,kindergarten,135
TULARE,PORTERVILLE,7th grade,1529
TULARE,PORTERVILLE,childcare,823
TULARE,PORTERVILLE,kindergarten,1625
TULARE,RICHGROVE,7th grade,70
TULARE,RICHGROVE,childcare,50
TULARE,RICHGROVE,kindergarten,74
TULARE,SPRINGVILLE,7th grade,42
TULARE,SPRINGVILLE,kindergarten,27
TULARE,STRATHMORE,7th grade,125
TULARE,STRATHMORE,childcare,82
TULARE,STRATHMORE,kindergarten,146
TULARE,TERRA BELLA,7th grade,97
TULARE,TERRA BELLA,kindergarten,116
TULARE,THREE RIVERS,kindergarten,19
TULARE,TIPTON,7th grade,60
TULARE,TIPTON,kindergarten,75
TULARE,TRAVER,7th grade,28
TULARE,TRAVER,kindergarten,31
TULARE,TULARE,7th grade,1366
TULARE,TULARE,childcare,681
TULARE,TULARE,kindergarten,1635
TULARE,VISALIA,7th grade,2530
TULARE,VISALIA,childcare,1368
TULARE,VISALIA,kindergarten,2785
TULARE,WOODLAKE,7th grade,166
TULARE,WOODLAKE,childcare,141
TULARE,WOODLAKE,kindergarten,175
TUOLUMNE,COLUMBIA,7th grade,58
TUOLUMNE,COLUMBIA,kindergarten,56
TUOLUMNE,GROVELAND,7th grade,21
TUOLUMNE,GROVELAND,kindergarten,18
TUOLUMNE,JAMESTOWN,7th grade,32
TUOLUMNE,JAMESTOWN,childcare,34
TUOLUMNE,JAMESTOWN,kindergarten,64
TUOLUMNE,SONORA,7th grade,149
TUOLUMNE,SONORA,childcare,308
TUOLUMNE,SONORA,kindergarten,229
TUOLUMNE,SOULSBYVILLE,7th grade,50
TUOLUMNE,SOULSBYVILLE,childcare,20
TUOLUMNE,SOULSBYVILLE,kindergarten,67
TUOLUMNE,TUOLUMNE,7th grade,39
TUOLUMNE,TUOLUMNE,childcare,38
TUOLUMNE,TUOLUMNE,kindergarten,56
TUOLUMNE,TWAIN HARTE,7th grade,33
TUOLUMNE,TWAIN HARTE,kindergarten,28
VENTURA,CAMARILLO,7th grade,967
VENTURA,CAMARILLO,childcare,995
VENTURA,CAMARILLO,kindergarten,1003
VENTURA,FILLMORE,7th grade,288
VENTURA,FILLMORE,childcare,329
VENTURA,FILLMORE,kindergarten,255
VENTURA,MOORPARK,7th grade,445
VENTURA,MOORPARK,childcare,417
VENTURA,MOORPARK,kindergarten,492
VENTURA,NEWBURY PARK,7th grade,478
VENTURA,NEWBURY PARK,childcare,471
VENTURA,NEWBURY PARK,kindergarten,466
VENTURA,OAK PARK,7th grade,362
VENTURA,OAK PARK,childcare,46
VENTURA,OAK PARK,kindergarten,281
VENTURA,OAK VIEW,7th grade,31
VENTURA,OAK VIEW,childcare,19
VENTURA,OAK VIEW,kindergarten,41
VENTURA,OJAI,7th grade,203
VENTURA,OJAI,childcare,317
VENTURA,OJAI,kindergarten,173
VENTURA,OXNARD,7th grade,3719
VENTURA,OXNARD,childcare,2612
VENTURA,OXNARD,kindergarten,3625
VENTURA,PIRU,childcare,22
VENTURA,PIRU,kindergarten,50
VENTURA,PORT HUENEME,childcare,177
VENTURA,PORT HUENEME,kindergarten,367
VENTURA,SANTA PAULA,7th grade,480
VENTURA,SANTA PAULA,childcare,342
VENTURA,SANTA PAULA,kindergarten,484
VENTURA,SIMI VALLEY,7th grade,1353
VENTURA,SIMI VALLEY,childcare,1300
VENTURA,SIMI VALLEY,kindergarten,1430
VENTURA,SOMIS,7th grade,69
VENTURA,SOMIS,childcare,53
VENTURA,SOMIS,kindergarten,123
VENTURA,THOUSAND OAKS,7th grade,1065
VENTURA,THOUSAND OAKS,childcare,1490
VENTURA,THOUSAND OAKS,kindergarten,768
VENTURA,VENTURA,7th grade,1461
VENTURA,VENTURA,childcare,2054
VENTURA,VENTURA,kindergarten,1384
VENTURA,WESTLAKE VILLAGE,7th grade,20
VENTURA,WESTLAKE VILLAGE,childcare,466
VENTURA,WESTLAKE VILLAGE,kindergarten,259
YOLO,DAVIS,7th grade,710
YOLO,DAVIS,childcare,1193
YOLO,DAVIS,kindergarten,622
YOLO,DIXON,childcare,22
YOLO,ESPARTO,7th grade,57
YOLO,ESPARTO,childcare,41
YOLO,ESPARTO,kindergarten,60
YOLO,KNIGHTS LANDING,kindergarten,57
YOLO,MADISON,childcare,39
YOLO,WEST SACRAMENTO,7th grade,655
YOLO,WEST SACRAMENTO,childcare,415
YOLO,WEST SACRAMENTO,kindergarten,817
YOLO,WINTERS,7th grade,133
YOLO,WINTERS,childcare,176
YOLO,WINTERS,kindergarten,127
YOLO,WOODLAND,7th grade,799
YOLO,WOODLAND,childcare,928
YOLO,WOODLAND,kindergarten,867
YUBA,ARBOGA,childcare,61
YUBA,BEALE AFB,childcare,62
YUBA,BEALE AFB,kindergarten,124
YUBA,BROWNS VALLEY,kindergarten,22
YUBA,CHALLENGE,kindergarten,23
YUBA,MARYSVILLE,7th grade,409
YUBA,MARYSVILLE,childcare,352
YUBA,MARYSVILLE,kindergarten,402
YUBA,OLIVEHURST,7th grade,406
YUBA,OLIVEHURST,childcare,221
YUBA,OLIVEHURST,kindergarten,404
YUBA,PLUMAS LAKE,7th grade,150
YUBA,PLUMAS LAKE,childcare,53
YUBA,PLUMAS LAKE,kindergarten,177
YUBA,WHEATLAND,7th grade,139
YUBA,WHEATLAND,childcare,99
YUBA,WHEATLAND,kindergarten,90
